Time Period,AUSTRALIA,EURO AREA,NEW ZEALAND,UNITED KINGDOM,BRAZIL,CANADA,DENMARK,JAPAN,MEXICO,NORWAY,SOUTH AFRICA,SINGAPORE,SWEDEN,SWITZERLAND,TAIWAN,TURKEY,CZECHIA,HUNGARY
2000-02,0.043574,0.027681,0.044238,0.025059,-0.006406,0.001121,0.028104,0.033322,0.001375,0.026026,0.034108,0.01296,0.016606,0.024526,-0.00399,0.059978,0.021898,0.04034
2000-03,0.029226,0.017557,-9.1e-05,0.012542,-0.009253,0.005861,0.017848,-0.033535,-0.008304,0.020401,0.02613,0.004126,0.00394,0.01433,-0.004251,0.054255,0.016249,0.02771
2000-04,0.021831,0.018359,-0.012025,-0.001687,0.024988,0.004825,0.01931,-0.011487,0.017015,0.025261,0.030856,-0.006523,0.00405,-0.001591,-0.00805,0.047317,0.03718,0.0273
2000-05,0.029453,0.040151,0.051926,0.047,0.04284,0.017348,0.04099,0.019759,0.018279,0.047814,0.058076,0.0079,0.03638,0.028344,0.006338,0.059677,0.050976,0.050661
2000-06,-0.028746,-0.049965,0.000393,-0.000714,-0.000586,-0.013306,-0.049197,-0.025975,0.041526,-0.042326,-0.012747,-0.004074,-0.041013,-0.048849,-5.7e-05,0.022259,-0.062923,-0.039992
2000-07,0.01278,0.010768,0.023022,0.000514,0.002433,-0.000182,0.011015,0.014054,-0.036996,0.004169,0.000481,0.004447,0.022331,0.003153,0.00304,0.036143,-0.003336,0.014999
2000-08,0.010197,0.03533,0.031875,0.01192,0.014037,0.002646,0.035577,-0.006519,-0.008492,0.02661,0.011869,-0.015456,0.032139,0.03455,0.002024,0.046546,0.028369,0.043349
2000-09,0.05032,0.037873,0.064979,0.0373,0.025082,0.001679,0.039656,-0.01679,0.016662,0.031131,0.034732,0.008127,0.040814,0.022346,0.001007,0.054905,0.041691,0.049631
2000-10,0.04425,0.018294,0.041396,-0.012336,0.030715,0.016698,0.015488,0.009665,0.026426,0.01624,0.045298,0.00343,0.028994,0.006183,0.018645,0.042561,0.012145,0.024212
2000-11,0.011374,-0.004554,0.002523,0.016648,0.043427,0.018966,-0.004277,-3.4e-05,0.006153,-0.002439,0.029219,-0.005989,0.007993,-0.000922,0.016356,0.045466,-0.019003,0.00843
2000-12,-0.04693,-0.050601,-0.074328,-0.026401,0.015555,-0.0143,-0.047445,0.02403,0.004521,-0.03101,-0.002856,-0.009874,-0.046324,-0.056109,0.019076,0.039321,-0.043768,-0.040206
2001-01,-0.015545,-0.043669,-0.032775,-0.009983,0.004328,-0.012624,-0.042616,0.034508,0.04155,-0.030206,0.021184,-0.001601,-0.019134,-0.035199,-0.014952,0.023349,-0.037372,-0.041184
2001-02,0.039286,0.017824,0.022714,0.017183,0.033322,0.012009,0.018098,-0.00809,0.003849,0.016694,0.009665,0.00024,0.025899,0.021376,-0.011571,0.150754,0.00428,0.026032
2001-03,0.059266,0.013053,0.039059,0.005832,0.052822,0.023929,0.013813,0.040235,-0.002558,0.009312,0.014271,0.014433,0.029388,0.011786,0.008233,0.272958,0.009129,0.019487
2001-04,0.002952,0.017606,0.028312,0.007191,0.05641,-0.000635,0.017554,0.01456,-0.020111,0.013921,0.027394,0.019455,0.014404,0.011826,0.009111,0.266846,0.019802,0.027458
2001-05,-0.03529,0.019912,-0.034711,0.006616,0.055304,-0.010468,0.019704,-0.019733,-0.012714,0.007644,-0.006948,-0.000312,0.014332,0.022095,0.007709,-0.03109,0.014386,-0.006339
2001-06,0.004441,0.026349,0.019853,0.018302,0.04868,-0.01033,0.025703,0.001572,-0.00166,0.020478,0.015602,0.000211,0.042069,0.01799,0.03317,0.114164,0.014824,-0.013097
2001-07,0.018599,-0.009294,0.016087,-0.008011,0.0536,0.004555,-0.010037,0.014261,0.013522,-0.002028,0.023561,0.002205,-0.002566,-0.016622,0.014109,0.133986,-0.009705,0.003274
2001-08,-0.029385,-0.044544,-0.053877,-0.014665,0.029683,0.006316,-0.044053,-0.028442,-0.000526,-0.031615,0.017597,-0.035631,-0.039908,-0.044609,-0.005397,0.108848,-0.039387,-0.030518
2001-09,0.042062,-0.01022,0.035171,-0.016993,0.077841,0.018561,-0.010764,-0.025404,0.036751,-0.016252,0.048241,-0.007617,0.029747,-0.028616,-0.001453,0.100536,-0.007897,0.011998
2001-10,0.000376,0.008135,0.01039,0.011022,0.038393,0.002961,0.007791,0.021688,-0.004121,0.011039,0.073157,0.033694,-0.005342,0.000928,0.000145,0.136026,-0.007788,0.011491
2001-11,-0.022294,0.019755,-0.002368,0.011548,-0.058483,0.013264,0.021124,0.0061,-0.007741,0.014957,0.054271,0.008977,0.005796,0.009293,-0.002266,-0.004314,0.013758,0.011608
2001-12,0.007069,-0.002021,0.002529,-0.002246,-0.060611,-0.008208,-0.002276,0.039958,-0.003597,0.008651,0.187974,0.003955,-0.00179,0.003376,0.005551,0.000288,-0.025272,-0.012844
2002-01,-0.004261,0.010324,-0.018538,0.008135,0.021399,0.013364,0.009358,0.037638,0.00504,0.003513,0.002699,-1.6e-05,-0.009582,0.008495,0.010167,-0.010611,-0.004348,0.000633
2002-02,0.010073,0.015516,0.016095,0.008412,0.032888,-0.001873,0.015123,0.005695,-0.001191,0.001738,-0.004517,-0.005307,0.010675,0.015317,0.001536,0.035251,0.011153,0.019666
2002-03,-0.022712,-0.00551,-0.031787,0.001562,-0.019176,-0.005264,-0.005038,-0.021021,8.3e-05,-0.012076,0.006992,-0.001684,-0.019004,-0.013657,-0.001342,0.043569,-0.017835,0.002464
2002-04,-0.016086,-0.009408,-0.018885,-0.012124,0.004551,-0.003564,-0.008657,-0.003711,0.014499,-0.018651,-0.02782,-0.001398,-0.000429,-0.012387,-0.002706,0.010842,-0.040313,-0.013762
2002-05,-0.024699,-0.033092,-0.037264,-0.009882,0.077596,-0.019489,-0.032999,-0.035697,0.041051,-0.04422,-0.078412,-0.016318,-0.021688,-0.04076,-0.013138,0.090675,-0.027832,-0.023645
2002-06,-0.030471,-0.04044,-0.055023,-0.014545,0.106548,-0.011287,-0.040368,-0.026208,0.031312,-0.05252,0.010988,-0.01048,-0.051572,-0.031863,-0.016327,0.127666,-0.04485,-0.038058
2002-07,0.028115,-0.037073,0.019152,-0.046196,0.094782,0.009727,-0.037434,-0.046204,0.005965,-0.032932,0.000967,-0.01828,-0.017982,-0.045872,-0.018385,0.119953,-0.061061,-0.019391
2002-08,0.025294,0.016919,0.040131,0.014499,0.069365,0.016143,0.016608,0.007768,0.010266,0.022247,0.055777,0.000879,0.014245,0.016221,0.01819,0.027564,0.052752,0.01794
2002-09,-0.007111,-0.00129,-0.011104,-0.01085,0.090472,0.005108,-0.001227,0.015905,0.028018,-0.009234,0.010291,0.006825,-0.010718,-0.00368,0.020082,0.042955,-0.020064,-0.002153
2002-10,-0.004291,0.000662,-0.021083,0.000973,0.139923,0.002058,0.001096,0.021624,0.007319,0.002438,-0.018236,0.008592,-0.003786,-0.000869,0.01072,0.037354,0.014048,0.003806
2002-11,-0.017234,-0.018746,-0.028061,-0.006618,-0.037564,-0.002973,-0.018782,-0.019908,0.015022,-0.018501,-0.055592,-0.011191,-0.021568,-0.01915,-0.007675,0.005935,-0.016219,-0.035051
2002-12,0.000796,-0.016597,-0.023151,-0.007516,0.029021,-0.00669,-0.016708,0.001215,0.007683,-0.017608,-0.065212,-0.007318,-0.012851,-0.019213,0.003713,0.014687,-0.000283,-0.017912
2003-01,-0.033014,-0.039851,-0.051592,-0.017317,-0.033476,-0.010268,-0.039168,-0.026691,0.044035,-0.030395,-0.018396,-0.010083,-0.031265,-0.044889,-0.006477,0.086116,-0.032021,-0.019877
2003-02,-0.018759,-0.014004,-0.022137,0.007956,0.066002,-0.017946,-0.013928,0.003306,0.036448,0.016244,-0.037873,0.004564,-0.015744,-0.012525,0.004613,0.014744,-0.008788,0.005643
2003-03,-0.007028,4e-06,0.004037,0.017888,-0.018115,-0.022593,-0.000445,-0.006526,0.003102,0.042186,-0.018628,0.005269,0.009106,7.1e-05,-0.000421,0.054578,0.002924,0.004526
2003-04,-0.011207,-0.004917,0.00707,0.007385,-0.085154,-0.010559,-0.005045,0.009055,-0.023784,-0.006666,-0.038839,0.011973,-0.011297,0.011439,0.002872,0.014314,-0.008073,-0.001608
2003-05,-0.055765,-0.060896,-0.038804,-0.028433,-0.031175,-0.050535,-0.060925,-0.022378,-0.028658,-0.052321,0.010051,-0.02409,-0.060525,-0.050894,-0.003723,-0.055133,-0.070185,-0.058716
2003-06,-0.025134,-0.00927,-0.006766,-0.021371,-0.000961,-0.02121,-0.009238,0.007242,0.027583,0.030927,0.035462,-0.000764,-0.012254,0.0057,-0.001768,-0.0146,-0.004976,0.056601
2003-07,0.009766,0.027711,-0.00509,0.025585,0.017669,0.023368,0.028847,0.002197,-0.001217,0.041921,-0.031183,0.011096,0.036937,0.030235,-0.006832,0.012483,0.03764,0.042638
2003-08,0.016571,0.01953,0.009224,0.019493,0.059412,0.011796,0.019464,-0.001188,0.033463,0.017711,-0.011611,-0.001186,0.024648,0.013844,-0.002286,0.026658,0.033363,0.011007
2003-09,-0.014745,-0.009113,0.000829,-0.011373,-0.012813,-0.022416,-0.009689,-0.033946,0.016022,-0.016499,-0.004228,-0.004048,-0.027806,-0.005702,-0.009467,0.003049,-0.001824,-0.013886
2003-10,-0.04303,-0.038043,-0.026574,-0.036576,-0.004991,-0.029344,-0.037832,-0.048236,0.026715,-0.032918,-0.04093,-0.007192,-0.042559,-0.03942,-0.003546,0.06021,-0.053262,-0.035244
2003-11,-0.026474,0.001188,-0.039754,-0.004005,0.032098,-0.00547,0.002103,-0.003838,0.000594,-0.002616,-0.029126,-0.003948,-0.000544,0.006463,0.004754,0.045214,0.00136,0.022946
2003-12,-0.028566,-0.048138,-0.025894,-0.03372,0.016402,0.001252,-0.047346,-0.014244,0.013316,-0.041468,-0.02142,-0.010549,-0.043837,-0.052796,0.000561,-0.006854,-0.036346,-0.017424
2004-01,-0.039599,-0.026402,-0.037096,-0.038996,-0.012417,-0.011732,-0.025643,-0.014648,-0.026441,0.015551,0.0662,-0.008596,-0.013075,-0.02088,-0.011444,-0.043244,-0.016796,-0.020627
2004-02,-0.003271,0.00069,-0.022544,-0.020161,0.040689,0.027145,0.000994,0.003197,0.013965,0.020992,-0.020538,-0.005933,0.0054,0.003868,-0.013585,0.00482,0.004884,0.002566
2004-03,0.039447,0.03127,0.049261,0.024864,0.003203,4.7e-05,0.030996,0.015882,0.003267,0.00189,-0.014717,0.007212,0.037625,0.025455,0.001179,0.009669,0.033063,0.00254
2004-04,0.010655,0.023267,0.033067,0.015239,0.012782,0.010903,0.022818,-0.008883,0.026724,-0.004178,0.000252,-0.009006,0.016388,0.014114,-0.008493,0.046027,0.009342,0.016928
2004-05,0.059347,-8.6e-05,0.045785,0.012249,0.07705,0.027987,-0.000446,0.040366,0.026614,-0.011469,0.039656,0.015905,-0.004314,-0.010821,0.014273,0.122544,-0.014526,0.020466
2004-06,0.017993,-0.011375,-0.017649,-0.02047,0.02094,-0.014716,-0.01223,-0.026008,-0.006544,-0.001647,-0.051264,0.000259,-0.009445,-0.027308,0.003556,0.005918,-0.023116,-0.002679
2004-07,-0.028544,-0.009251,-0.024958,-0.006008,-0.017365,-0.025786,-0.009047,-0.000719,0.011174,0.012704,-0.039963,-0.001254,-0.003292,-0.004947,0.006805,-0.008295,-0.010097,-0.013146
2004-08,0.01013,0.006574,-0.010683,0.015507,-6.6e-05,-0.00702,0.006623,0.005458,-0.001548,-0.010809,0.057988,0.001071,0.004952,0.012604,0.005978,0.032993,0.008493,0.010047
2004-09,0.014615,-0.002434,-0.001252,0.017215,-0.02535,-0.018488,-0.002016,-0.002799,0.012758,0.000715,0.015345,-0.01187,-0.013118,-0.000612,-0.004422,0.028426,-0.002922,0.000599
2004-10,-0.040262,-0.022711,-0.033721,-0.005399,-0.001364,-0.031995,-0.022741,-0.01355,-0.002308,-0.038916,-0.01896,-0.011223,-0.025722,-0.025069,-0.004102,0.005997,-0.025184,-0.019216
2004-11,-0.04622,-0.038428,-0.019881,-0.026708,-0.010076,-0.040608,-0.039554,-0.040055,0.002295,-0.048634,-0.052061,-0.01642,-0.045099,-0.052779,-0.030756,-0.01119,-0.042932,-0.035483
2004-12,0.006133,-0.031156,-0.016358,-0.033871,-0.013555,0.018491,-0.03097,-0.010577,-0.009846,-0.022177,-0.04763,-0.007126,-0.033816,-0.022667,-0.019676,-0.023278,-0.053614,-0.024146
2005-01,0.003211,0.021032,0.015195,0.027572,0.003773,0.004914,0.021974,-0.006615,0.010678,0.02059,0.044587,-0.00218,0.029415,0.026588,-0.011147,-0.016744,0.008017,0.027037
2005-02,-0.016337,0.008003,-0.009385,-0.002156,-0.021407,0.012384,0.008287,0.013219,-0.005642,0.019576,0.01108,-0.00043,0.011186,0.009017,-0.012149,-0.01869,-0.000787,0.004721
2005-03,-0.002326,-0.013703,-0.016791,-0.007436,0.054789,-0.019799,-0.013025,0.000565,0.0072,-0.030136,0.009432,-0.005206,-0.012818,-0.015455,-0.013845,0.011415,-0.020975,-0.005511
2005-04,0.016232,0.017797,0.015722,0.00581,-0.035479,0.015893,0.017932,0.015726,0.001761,0.015479,0.022413,0.011562,0.025845,0.014803,0.010547,0.045624,0.029002,0.034744
2005-05,0.011745,0.018372,0.005557,0.022838,-0.034031,0.015294,0.017652,-0.00821,-0.006639,0.006949,0.032113,-0.001133,0.021038,0.016074,-0.008354,0.016441,0.021213,0.038514
2005-06,0.001336,0.042668,0.018079,0.022043,-0.002803,-0.01284,0.042722,0.017253,-0.008971,0.018738,0.066283,0.011986,0.050595,0.037565,0.000969,0.001901,0.035926,0.035228
2005-07,0.020529,0.008335,0.045199,0.03859,-0.004973,-0.01476,0.010185,0.02619,-0.008449,0.011751,-0.00344,0.004284,0.024803,0.019607,0.015279,-0.004387,0.012888,0.001762
2005-08,-0.010359,-0.022122,-0.021621,-0.023899,0.009526,-0.016156,-0.022108,-0.015131,0.006369,-0.023142,-0.033123,-0.012836,-0.031667,-0.027121,0.004049,0.012235,-0.042285,-0.026815
2005-09,-0.003456,0.003579,-0.001879,-0.006046,-0.015186,-0.023158,0.003653,0.002541,0.01389,-0.009848,-0.011875,0.01048,0.002757,0.000757,0.024112,0.004863,-0.007688,0.011324
2005-10,0.016486,0.015923,0.003095,0.02356,-0.005494,-0.001099,0.016159,0.028775,0.00878,0.018214,0.036745,0.004302,0.025584,0.01363,0.014185,0.021137,0.029919,0.04461
2005-11,0.025532,0.017965,0.014952,0.017554,-0.007077,0.002592,0.017726,0.027258,-0.011374,0.018166,0.012619,0.002827,0.032027,0.014864,0.001066,0.009569,0.003016,0.017445
2005-12,-0.008607,-0.007745,-0.004706,-0.006126,0.042523,-0.018009,-0.008576,-0.003624,-0.000948,0.010881,-0.045004,-0.015445,-0.022696,-0.00727,-0.011282,0.001882,-0.016589,0.002041
2006-01,-0.010228,-0.023879,0.013262,-0.012987,0.004525,-0.004626,-0.022935,-0.029312,-0.005102,-0.016176,-0.041693,-0.026915,-0.038413,-0.024749,-0.040877,-0.006362,-0.033547,-0.027075
2006-02,0.012375,0.013677,0.022459,0.011631,-0.038295,-0.00803,0.014096,0.016605,-0.00293,0.016598,0.008578,-0.002523,0.017536,0.01854,0.0062,0.001795,0.003118,0.019893
2006-03,0.02126,-0.009122,0.062188,0.001937,0.007074,0.006475,-0.009547,-0.008915,0.027212,-0.019958,0.022786,-0.005768,-0.003711,-0.003257,0.001547,0.015239,-0.002226,0.029864
2006-04,-0.013617,-0.022061,0.021443,-0.013903,-0.002322,-0.012286,-0.021768,-0.00586,0.029446,-0.038684,-0.024509,-0.013943,-0.029642,-0.020136,-0.008128,0.006387,-0.027135,-0.002596
2006-05,-0.035514,-0.041457,-0.012661,-0.055832,0.028186,-0.031043,-0.042226,-0.050876,0.005465,-0.048119,0.039158,-0.017408,-0.04214,-0.054374,-0.020215,0.077876,-0.051088,-0.05034
2006-06,0.032288,0.006346,0.021009,0.013023,0.044354,0.002496,0.006614,0.021281,0.028453,0.014726,0.101478,0.008348,-0.003839,0.007408,0.018779,0.121191,0.010038,0.047011
2006-07,-0.01696,-0.003611,0.003504,-0.00111,-0.019578,0.013064,-0.00316,0.00565,-0.035244,0.006638,0.015709,-0.006317,-0.006568,0.001098,0.002274,-0.021257,-0.002663,0.015519
2006-08,-0.013099,-0.012002,-0.025549,-0.027109,-0.007472,-0.010886,-0.011841,-0.00285,-0.00855,-0.005078,-0.014677,-0.006834,-0.012992,-0.007984,0.001245,-0.046682,-0.020589,-0.018582
2006-09,0.011323,0.005083,-0.029827,0.004976,0.013203,-0.002772,0.005088,0.006881,0.01205,0.03872,0.071299,0.001537,0.010898,0.007948,0.001216,0.020898,0.009975,0.008158
2006-10,0.001242,0.00666,-0.008862,0.003569,-0.003124,0.01017,0.006165,0.007666,-0.007937,0.022353,0.027043,-0.003312,0.004596,0.008719,0.005723,0.008,0.002608,-0.018537
2006-11,-0.023388,-0.022825,-0.009107,-0.019245,0.011382,0.005636,-0.022462,-0.01509,0.004066,-0.041417,-0.048964,-0.015392,-0.039927,-0.022718,-0.014758,-0.002332,-0.032736,-0.048746
2006-12,-0.015998,-0.025727,-0.033522,-0.026178,0.002904,0.014202,-0.025926,-0.004113,-0.003914,-0.035864,-0.026364,-0.011764,-0.033758,-0.023872,-0.012177,-0.00601,-0.03462,-0.040343
2007-01,0.004797,0.014759,-0.000292,0.002091,0.001777,0.018934,0.014734,0.022189,0.010792,0.027808,0.02488,-0.003424,0.019906,0.024338,0.004848,0.005325,0.015159,0.017366
2007-02,0.000189,-0.00808,0.003608,-0.00011,-0.014324,-0.005423,-0.00798,-0.003588,0.005071,-0.029848,0.001252,-0.004237,0.00256,-0.005798,0.002999,-0.009851,0.005513,-0.007044
2007-03,-0.012217,-0.013842,-0.00687,0.0059,0.0035,-0.0033,-0.014348,-0.03118,0.012299,-0.00845,0.027605,-0.007835,-0.002065,-0.020144,-0.001795,0.018463,-0.02187,-0.0252
2007-04,-0.041329,-0.021162,-0.046848,-0.020522,-0.022185,-0.02972,-0.02041,0.010247,-0.010647,-0.022392,-0.031379,-0.008242,-0.027603,-0.007048,0.001098,-0.024348,-0.023568,-0.031798
2007-05,0.003011,-0.001532,0.003589,0.002084,-0.01733,-0.036671,-0.001631,0.011445,-0.012818,0.001118,-0.009195,0.002959,-0.005674,0.004597,0.00113,-0.006216,0.006473,0.012962
2007-06,-0.019566,0.006177,-0.029443,-0.001009,-0.020659,-0.028612,0.005316,0.01181,0.002639,-0.004716,0.022931,0.006482,0.018723,0.0073,-0.011428,-0.001796,0.014943,0.014425
2007-07,-0.028997,-0.023515,-0.03553,-0.023865,-0.021599,-0.014798,-0.023972,-0.014407,-0.0001,-0.037546,-0.021354,-0.016272,-0.03886,-0.023711,-0.007824,-0.020437,-0.030977,-0.031856
2007-08,0.046348,0.006293,0.082217,0.012667,0.046992,0.006701,0.00673,-0.043364,0.022449,0.01119,0.038308,0.002196,0.020591,-0.005869,0.001681,0.034622,-0.012421,0.041502
2007-09,-0.01931,-0.021447,0.012363,-0.002925,-0.02604,-0.030258,-0.020529,-0.01846,0.000499,-0.039269,-0.011817,-0.009996,-0.026453,-0.017024,-0.001387,-0.028135,-0.032189,-0.027201
2007-10,-0.059916,-0.023523,-0.053312,-0.012183,-0.050745,-0.05136,-0.02316,0.003572,-0.017256,-0.040174,-0.044962,-0.033007,-0.035307,-0.011518,-0.01653,-0.041555,-0.033222,-0.029702
2007-11,0.005522,-0.031571,-0.000646,-0.011254,-0.012418,-0.008484,-0.031326,-0.045695,0.007824,0.002909,-0.002812,-0.014659,-0.01909,-0.046334,-0.009053,0.002101,-0.056668,-0.016259
2007-12,0.02887,0.008216,-0.004439,0.027538,0.015558,0.03536,0.00876,0.008891,-0.001051,0.01611,0.025171,-0.000772,0.023519,0.012972,0.000169,-0.000249,-0.006455,0.005929
2008-01,-0.00934,-0.011219,-0.002598,0.024471,-0.001772,0.008057,-0.012559,-0.044709,0.008568,-0.017113,0.029158,-0.014885,-0.011722,-0.036606,-0.003033,0.007573,-0.019834,0.002949
2008-02,-0.031153,-0.001208,-0.024738,0.004753,-0.017202,-0.010558,-0.000379,-0.009401,-0.009012,-0.000649,0.097051,-0.014874,-0.007131,-0.011079,-0.024155,0.026208,-0.02774,0.026364
2008-03,-0.005721,-0.049003,0.000463,-0.016281,-0.004521,0.005022,-0.048729,-0.062076,0.000728,-0.042222,0.049905,-0.020075,-0.044079,-0.07298,-0.033831,0.050902,-0.058327,-0.057337
2008-04,-0.005708,-0.013708,0.01829,0.012147,-0.00608,0.011182,-0.01324,0.017044,-0.016626,-0.016127,-0.022484,-0.015991,-0.017443,0.00087,-0.007897,0.0566,-0.018947,-0.034727
2008-05,-0.015493,0.01428,0.020234,0.010757,-0.00887,-0.01383,0.01423,0.014605,-0.003156,0.003461,-0.011974,5.2e-05,0.008792,0.029848,0.007284,-0.030121,0.01509,-0.006479
2008-06,0.002008,0.001071,0.025873,0.00165,-0.016664,0.017667,0.000741,0.022678,-0.006433,0.018079,0.050432,0.000274,0.007864,-0.007582,-0.007513,0.000776,-0.03125,-0.015822
2008-07,-0.007402,-0.010999,0.014081,-0.008991,-0.008891,-0.003036,-0.010706,-0.002207,-0.006844,-0.002935,-0.03384,-0.00777,-0.002043,-0.00876,0.001159,-0.004961,-0.044146,-0.054138
2008-08,0.091248,0.053953,0.066857,0.055096,0.023039,0.039664,0.054365,0.021561,-0.004453,0.046398,0.014965,0.032041,0.047931,0.052565,0.025876,-0.016283,0.085176,0.073847
2008-09,0.079635,0.043162,0.054818,0.050375,0.120485,0.004683,0.042998,-0.027829,0.057109,0.068493,0.059758,0.01591,0.062972,0.023222,0.023672,0.06083,0.048063,0.066715
2008-10,0.175245,0.078945,0.106512,0.065227,0.198776,0.112572,0.079178,-0.066318,0.175038,0.134371,0.199686,0.031574,0.109193,0.028052,0.0205,0.194394,0.092617,0.163751
2008-11,0.044457,0.042071,0.074355,0.096776,0.050275,0.027915,0.04125,-0.031011,0.040583,0.067268,0.042838,0.018956,0.069641,0.040754,0.012262,0.085498,0.058422,0.060737
2008-12,-0.016251,-0.056759,0.015558,0.032508,0.064173,0.014487,-0.053485,-0.060616,0.02848,0.014963,-0.009016,-0.020709,0.007802,-0.04388,0.001866,-0.016064,-0.016617,-0.047383
2009-01,-0.002237,0.021296,0.019168,0.027599,-0.026721,-0.00657,0.021316,-0.012861,0.040256,-0.006332,0.007839,0.009758,0.012918,-0.012294,0.006559,0.045387,0.065253,0.087627
2009-02,0.040006,0.035103,0.068279,0.003285,0.016464,0.016933,0.03588,0.030311,0.05622,-0.010496,0.015379,0.017442,0.053654,0.032102,0.025654,0.047064,0.071138,0.093148
2009-03,-0.02229,-0.019041,-0.031316,0.017885,0.006073,0.015507,-0.017196,0.051718,0.008161,-0.01092,0.005827,0.007626,0.003574,-0.007559,0.001854,0.038057,-0.061488,0.007028
2009-04,-0.068969,-0.010947,-0.068911,-0.037418,-0.041656,-0.032301,-0.011033,0.010621,-0.084004,-0.017891,-0.097428,-0.017723,-0.040542,-0.006742,-0.02069,-0.054761,-0.029179,-0.039407
2009-05,-0.063969,-0.032916,-0.046668,-0.046718,-0.054544,-0.060025,-0.032236,-0.023385,-0.011856,-0.030293,-0.061474,-0.028062,-0.058474,-0.03609,-0.021849,-0.023674,-0.031887,-0.067565
2009-06,-0.045793,-0.026222,-0.058207,-0.05975,-0.047293,-0.023147,-0.026168,-0.000447,0.015374,-0.008267,-0.03538,-0.00603,0.001154,-0.02458,-0.002869,-0.000172,-0.032544,-0.023306
2009-07,-0.000621,-0.005365,-0.007288,-0.000405,-0.006113,-0.003099,-0.004724,-0.023623,0.005195,-0.004671,-0.004757,-0.001891,-0.010653,-0.002855,0.003382,-0.011524,-0.031039,-0.027312
2009-08,-0.034773,-0.012139,-0.046982,-0.009199,-0.039289,-0.032263,-0.011967,0.005512,-0.023433,-0.045276,0.005654,-0.004914,-0.071152,-0.0092,-0.000332,-0.01413,-0.018232,-0.015146
2009-09,-0.029392,-0.021344,-0.038717,0.012824,-0.007461,-0.005123,-0.020803,-0.039059,0.033845,-0.027657,-0.050938,-0.013828,-0.022947,-0.027874,-0.009656,0.007664,-0.031378,-0.007722
2009-10,-0.047768,-0.016625,-0.045106,0.006944,-0.038421,-0.025134,-0.016207,-0.010118,-0.009786,-0.043761,0.003736,-0.017275,-0.005617,-0.017435,-0.00723,-0.007563,0.004917,-0.023266
2009-11,-0.011516,-0.005726,0.013575,-0.023436,0.000758,0.004468,-0.005599,-0.012335,-0.00517,0.001036,0.008855,-0.005973,-0.003995,-0.008213,0.001134,0.017009,-0.007816,0.007028
2009-12,0.022222,0.022486,0.020299,0.022927,0.020928,-0.00521,0.023214,0.007537,-0.015549,0.023583,0.002955,0.005531,0.030198,0.016514,-0.001973,0.018438,0.034735,0.036479
2010-01,-0.008704,0.021836,-0.011011,0.00442,0.024634,-0.009339,0.022119,0.012622,-0.000451,-0.003996,0.003028,0.000437,0.002198,0.004154,-0.011646,-0.016782,0.021589,0.010159
2010-02,0.033061,0.042041,0.042753,0.03422,0.040461,0.012862,0.04243,-0.010677,0.013757,0.031865,0.033095,0.011423,0.016058,0.035701,0.006366,0.032942,0.037462,0.054151
2010-03,-0.026518,0.008136,-0.00703,0.036738,-0.02395,-0.032888,0.008141,0.006273,-0.02559,0.001681,-0.028996,-0.008889,-0.014494,-0.005371,-0.0071,0.017882,-0.008037,-0.009528
2010-04,-0.011839,0.011362,-0.010122,-0.017844,-0.008849,-0.017371,0.011836,0.029583,-0.02286,0.000729,-0.002898,-0.012571,0.005595,0.00208,-0.010961,-0.022478,0.005873,0.017884
2010-05,0.064657,0.065776,0.021587,0.044345,0.039985,0.034414,0.066211,-0.016127,0.04258,0.062125,0.046458,0.008966,0.067383,0.054872,0.011449,0.042214,0.076697,0.108039
2010-06,0.02378,0.027441,0.010443,-0.006628,0.002736,-0.002327,0.027078,-0.012976,0.002349,0.030713,0.003433,0.002627,0.015724,-0.003775,0.011468,0.023849,0.033744,0.04939
2010-07,-0.024945,-0.046854,-0.029019,-0.035509,-0.011112,0.004824,-0.045135,-0.037247,0.010973,-0.031252,-0.009726,-0.015791,-0.054837,-0.066746,-0.003084,-0.018116,-0.064259,-0.035646
2010-08,-0.020857,-0.006981,0.001682,-0.022807,0.003113,-0.00112,-0.007318,-0.024665,0.00067,-0.016892,-0.026256,-0.014886,-0.013934,-0.013663,-0.006768,-0.014234,-0.028618,-0.013472
2010-09,-0.039231,-0.015217,-0.01674,0.004709,-0.014758,-0.00636,-0.015127,-0.012078,0.006045,-0.015589,-0.019675,-0.016074,-0.035958,-0.038014,-0.00695,-0.005593,-0.020153,-0.009196
2010-10,-0.040148,-0.058772,-0.028961,-0.017285,-0.011381,-0.013912,-0.058179,-0.031777,-0.025137,-0.03393,-0.023814,-0.023166,-0.052122,-0.032222,-0.026232,-0.04165,-0.063172,-0.082844
2010-11,-0.003378,0.018356,-0.024232,-0.005605,0.026155,-0.004055,0.018513,0.009552,-0.004986,0.024046,0.014273,-0.002866,0.022154,0.016425,-0.015864,0.015292,0.02322,0.028172
2010-12,-0.000268,0.032577,0.030164,0.023439,-0.001516,-0.003994,0.031874,0.009765,0.007661,0.004725,-0.017214,0.005884,0.005708,-0.016355,-0.013577,0.061164,0.052733,0.040812
2011-01,0.000508,-0.010842,-0.016764,-0.011664,-0.00339,-0.013438,-0.010633,-0.008671,-0.018093,-0.019952,0.019119,-0.01537,-0.026299,-0.013044,-0.026506,0.032094,-0.040798,-0.014589
2011-02,-0.008364,-0.020626,0.007066,-0.021149,0.004494,-0.00559,-0.020517,-0.001148,-0.002,-0.019872,0.041534,-0.008214,-0.03423,-0.006979,0.006041,0.021011,-0.027807,-0.034594
2011-03,0.000862,-0.025796,0.02827,-0.001889,0.00421,-0.010454,-0.025657,-0.01095,-0.002306,-0.023296,-0.036254,-0.006152,-0.011744,-0.033848,0.00764,-0.001466,-0.020635,-0.021797
2011-04,-0.042152,-0.030121,-0.059507,-0.01316,-0.035876,-0.018466,-0.030178,0.018524,-0.021012,-0.03288,-0.021518,-0.01696,-0.022361,-0.023533,-0.017021,-0.032043,-0.036104,-0.048255
2011-05,-0.004341,0.009556,-0.006187,0.00328,0.028934,0.011257,0.009477,-0.025004,-0.000876,0.015666,0.024317,-0.00594,0.010345,-0.026253,-0.008385,0.040044,0.015231,0.021511
2011-06,0.009266,-0.003831,-0.022555,0.007336,-0.007486,0.009691,-0.003993,-0.008699,0.016514,-0.005422,-0.005661,-0.003937,0.013614,-0.039617,0.003495,0.0234,-0.010726,-0.00397
2011-07,-0.011404,0.009991,-0.036863,0.004132,-0.004236,-0.02114,0.00955,-0.014847,-0.007744,0.004435,0.004724,-0.014326,0.012598,-0.022548,0.001387,0.039016,0.01113,0.017097
2011-08,0.029942,-0.003087,0.013886,-0.01184,0.031848,0.028026,-0.004074,-0.029172,0.050356,-0.000697,0.04781,-0.005602,0.001976,-0.051883,0.005094,0.063397,-0.005543,0.016901
2011-09,0.030922,0.042653,0.033452,0.03674,0.101011,0.021717,0.042165,-0.002097,0.068829,0.036409,0.071272,0.036424,0.040012,0.116632,0.026796,0.027091,0.053476,0.091071
2011-10,0.008749,0.00198,0.027747,0.000499,0.021386,0.017962,0.001754,-0.002119,0.031744,0.00462,0.053042,0.017451,0.000872,0.02134,0.01779,0.025811,0.014209,0.048056
2011-11,0.009082,0.013492,0.027256,-0.002079,0.018209,0.005661,0.012642,0.011757,0.022472,0.01952,0.028684,0.010123,0.016466,0.013324,-0.000787,-0.003132,0.037088,0.055428
2011-12,0.002504,0.03085,0.003872,0.014266,0.037919,-0.00053,0.029592,0.002918,0.009203,0.027837,0.010202,0.00531,0.019054,0.027585,0.00139,0.037471,0.032853,0.022284
2012-01,-0.025049,0.019217,-0.038318,0.00436,-0.021252,-0.009525,0.019009,-0.010874,-0.025419,0.010164,-0.018821,-0.013669,0.000417,0.004307,-0.008184,-0.007938,0.02013,0.030547
2012-02,-0.026461,-0.024787,-0.038885,-0.01755,-0.030564,-0.015429,-0.025242,0.01929,-0.042336,-0.038448,-0.042099,-0.019,-0.02563,-0.028069,-0.014825,-0.040056,-0.045567,-0.076505
2012-03,0.022896,0.002436,0.019936,-0.000949,0.052539,-0.001979,0.002566,0.049584,0.001008,0.000976,0.000206,0.004502,0.011955,0.001268,-0.000111,0.024173,-0.01148,0.013076
2012-04,0.020356,0.003766,0.004623,-0.01073,0.038547,-0.000161,0.004253,-0.014917,0.02701,0.009069,0.03362,-0.006252,0.002037,0.000107,-0.001948,0.006216,0.008829,0.016679
2012-05,0.039427,0.027334,0.056122,0.00507,0.074218,0.017664,0.026762,-0.019888,0.045801,0.029195,0.044175,0.008835,0.043833,0.026797,0.001272,0.018868,0.050184,0.029753
2012-06,0.002417,0.021008,-0.005497,0.02373,0.040142,0.018837,0.020379,-0.004537,0.025273,0.018019,0.032531,0.013041,0.008078,0.020142,0.015285,0.016278,0.032327,0.022371
2012-07,-0.027999,0.021128,-0.020752,-0.002108,-0.002654,-0.012721,0.021729,-0.00494,-0.037376,0.010287,-0.011109,-0.014151,-0.016285,0.021114,0.002752,0.000914,0.013897,0.001254
2012-08,-0.014021,-0.010516,-0.012654,-0.008014,0.005359,-0.021011,-0.010019,-0.003228,-0.010596,-0.026839,0.004867,-0.009725,-0.038944,-0.010818,-0.000555,-0.004269,-0.027618,-0.031757
2012-09,0.009408,-0.037983,-0.009633,-0.02516,0.005528,-0.013569,-0.037137,-0.007205,-0.016228,-0.025377,0.003846,-0.014168,-0.010835,-0.031275,-0.015213,0.008966,-0.046296,-0.014817
2012-10,0.013022,-0.007017,0.002241,0.00308,0.007266,0.009774,-0.006844,0.01105,0.001397,-0.005626,0.049808,-0.005263,0.007693,-0.007072,-0.007491,0.00426,-0.000414,-0.01036
2012-11,-0.00781,0.010492,0.002228,0.007189,0.023651,0.010585,0.010198,0.025081,0.016269,0.002933,0.022333,-0.000305,0.01089,0.006606,-0.003879,-0.000591,0.027638,0.016922
2012-12,-0.00332,-0.02186,-0.012185,-0.010815,0.011221,-0.006492,-0.021999,0.033354,-0.012053,-0.017863,-0.017197,-0.002184,-0.015951,-0.019274,-0.00193,0.000666,-0.030278,-0.005293
2013-01,-0.001003,-0.014137,-0.004929,0.011424,-0.018342,0.003088,-0.014065,0.060833,-0.009841,-0.009672,0.025428,0.006487,-0.016606,0.001978,0.002396,-0.005014,0.00179,0.015321
2013-02,0.02059,-0.003384,0.000179,0.031422,-0.021873,0.018421,-0.003741,0.043173,0.005607,0.003755,0.012994,0.008195,-0.015546,-0.002682,0.018568,0.008619,-0.006995,-0.002153
2013-03,-0.001076,0.029828,0.014124,0.025998,0.011483,0.015126,0.028941,0.018709,-0.014601,0.039188,0.039055,0.006876,0.011653,0.026934,0.004285,0.023709,0.037115,0.06861
2013-04,-0.001081,-0.005664,-0.021267,-0.014992,0.014402,-0.004799,-0.005813,0.030923,-0.020712,0.003355,-0.006012,-0.006808,0.007112,-0.010872,0.003241,-0.002569,0.001169,-0.016674
2013-05,0.047585,0.003086,0.029519,0.001124,0.023624,0.001646,0.002793,0.031689,0.010604,0.00566,0.031086,0.008638,0.017954,0.019942,-0.001231,0.020458,0.005918,-0.013869
2013-06,0.051699,-0.016481,0.044764,-0.012528,0.071532,0.012269,-0.01605,-0.037322,0.055637,0.010531,0.071619,0.008802,-0.001427,-0.024216,0.005609,0.042625,-0.020233,-0.001646
2013-07,0.032774,0.008157,0.004524,0.020682,0.04221,0.00925,0.007969,0.024626,-0.012612,0.025969,-0.004439,0.006918,0.005488,0.012305,0.000776,0.022697,0.015428,0.008272
2013-08,0.01492,-0.01725,-0.001815,-0.021038,0.045772,0.001223,-0.017446,-0.018974,0.014823,-0.008486,0.020162,0.003504,-0.011405,-0.020362,0.000628,0.02118,-0.022514,1e-05
2013-09,-0.027068,-0.00387,-0.028636,-0.024,-0.025996,-0.005531,-0.003851,0.014066,0.013967,0.000764,-0.006583,-0.007926,-0.006472,-0.003461,-0.010226,0.03412,-0.004101,0.000796
2013-10,-0.020983,-0.020962,-0.019986,-0.013088,-0.026369,0.002795,-0.021086,-0.014733,-0.002149,-0.001854,-0.002076,-0.015078,-0.011903,-0.02278,-0.007815,-0.010775,-0.026283,-0.035283
2013-11,0.022641,0.011351,0.012422,0.000106,0.056023,0.012568,0.011034,0.023182,0.00797,0.023662,0.034541,0.00379,0.028188,0.011239,0.005277,0.02419,0.058415,0.020759
2013-12,0.039568,-0.015941,0.006332,-0.017222,0.03024,0.015259,-0.015967,0.033203,-0.001162,0.009062,0.021137,0.009192,-0.007549,-0.021951,0.007429,0.025186,0.006381,-0.003885
2014-01,0.015662,0.006596,-0.004075,-0.005059,0.024843,0.028659,0.006555,0.002836,0.018722,0.005678,0.053241,0.011022,-0.006601,0.011456,0.014278,0.079422,0.00483,0.012731
2014-02,-0.011007,-0.003451,-0.000527,-0.005092,0.005969,0.011114,-0.003517,-0.015962,0.007901,-0.006608,0.010386,-0.005088,0.001589,-0.011462,0.006162,0.004116,-0.004515,0.025633
2014-03,-0.010732,-0.011833,-0.026535,-0.003741,-0.014158,0.005513,-0.011807,0.002036,-0.004965,-0.018599,-0.014357,0.001228,-0.012118,-0.015081,0.003582,0.011368,-0.013875,-0.005382
2014-04,-0.02253,0.001336,-0.005452,-0.007185,-0.031634,-0.009668,0.001362,0.001103,-0.006958,-0.001714,-0.014897,-0.00962,0.021729,0.002405,-0.006312,-0.032787,0.002738,-0.011608
2014-05,0.003102,0.005199,0.002595,-0.005354,0.003171,-0.008212,0.004937,-0.006752,-0.007631,-0.005643,-0.007386,-0.002506,0.004096,0.005981,-0.002039,-0.008912,0.00515,-0.001955
2014-06,-0.004304,0.010523,0.000817,-0.003668,0.016399,-0.005105,0.009534,0.002759,0.007099,0.018625,0.030229,3.4e-05,0.017747,0.008168,-0.003723,0.019195,0.010771,0.016169
2014-07,-0.000488,0.004532,-0.004801,-0.009082,0.003686,-0.007678,0.004105,-0.003268,0.002141,0.02651,0.00318,-0.006644,0.019901,0.00199,-0.00088,0.005549,0.004098,0.017222
2014-08,0.01061,0.016199,0.032121,0.021909,0.028714,0.018017,0.015835,0.011633,0.013882,0.000178,0.005454,0.004756,0.011744,0.013069,0.001307,0.026997,0.029481,0.030679
2014-09,0.031242,0.032362,0.039528,0.025067,0.039114,0.00853,0.03091,0.042488,0.009348,0.0264,0.035084,0.012421,0.033223,0.029214,0.005753,0.02934,0.023758,0.029946
2014-10,0.031425,0.01643,0.035198,0.013564,0.055648,0.018916,0.016382,0.005412,0.020488,0.033205,0.011114,0.008616,0.016175,0.016513,0.009232,0.028233,0.017492,0.000761
2014-11,0.017918,0.016103,0.008326,0.019271,0.050648,0.010833,0.015656,0.073636,0.012308,0.038362,0.007687,0.017255,0.02319,0.0117,0.01132,-0.002751,0.01869,0.015691
2014-12,0.048018,0.011451,0.011719,0.008278,0.044017,0.018863,0.01131,0.025498,0.066636,0.067542,0.041238,0.014438,0.028374,0.011066,0.020551,0.032525,0.010935,0.024754
2015-01,0.025824,0.059404,0.020905,0.032777,0.007116,0.050573,0.059538,-0.009308,0.014164,0.055651,0.009504,0.017487,0.061463,-0.033368,0.009513,0.023779,0.06574,0.074326
2015-02,0.035545,0.022844,0.026076,-0.012058,0.07711,0.031185,0.022651,0.004034,0.017126,-0.01218,0.006974,0.013061,0.029042,-0.010084,-0.002247,0.060839,0.014934,-0.003073
2015-03,0.011262,0.04766,0.002107,0.024665,0.119407,0.009973,0.048276,0.013433,0.023616,0.053391,0.048062,0.016643,0.022395,0.044558,-0.003312,0.059013,0.037957,0.03662
2015-04,-0.000254,-0.00055,-0.015115,-0.000481,-0.021542,-0.022034,-0.000185,-0.007669,-0.000525,-0.013919,-0.00448,-0.02065,0.009774,-0.022015,-0.014578,0.0324,0.006406,-0.007564
2015-05,-0.017617,-0.031687,0.031404,-0.031873,0.015586,-0.012591,-0.033121,0.010478,0.007919,-0.041438,0.004733,-0.00986,-0.035457,-0.030527,-0.011025,0.005322,-0.035132,-0.012569
2015-06,0.024311,-0.005548,0.05826,-0.007483,0.029296,0.016004,-0.006185,0.023723,0.015338,0.034806,0.03167,0.008725,-0.008798,-0.000442,0.009549,0.030534,-0.008553,0.015585
2015-07,0.042492,0.020311,0.051732,0.001291,0.048419,0.039886,0.019983,-0.003506,0.032416,0.040198,0.018898,0.012326,0.03142,0.023017,0.009828,0.006328,0.011095,0.017381
2015-08,0.016929,-0.01287,0.01778,-0.000889,0.096781,0.022101,-0.012763,-0.002711,0.038281,0.016223,0.040102,0.026984,0.00179,0.013454,0.031994,0.064953,-0.014604,-0.011349
2015-09,0.034517,-0.00876,0.03485,0.01567,0.116297,0.009178,-0.009564,-0.024152,0.020604,0.004467,0.060747,0.012432,-0.022513,0.00307,0.015039,0.062379,-0.005928,-0.003864
2015-10,-0.018186,-0.000321,-0.052139,-0.000158,0.004477,-0.014491,-0.00062,-0.001163,-0.013787,-0.001254,-0.005589,-0.009586,-0.004726,-0.004888,-0.006831,-0.01985,-0.000602,-0.005923
2015-11,0.009168,0.045185,0.023167,0.009919,-0.011714,0.015915,0.044778,0.02103,0.005936,0.044261,0.052458,0.010321,0.040764,0.040475,0.00551,-0.009187,0.042406,0.050211
2015-12,-0.012562,-0.015853,-0.027165,0.01399,0.036099,0.032239,-0.016017,-0.00895,0.028094,0.00701,0.064207,-0.004199,-0.023203,-0.016272,0.005452,0.024422,-0.013984,-0.006822
2016-01,0.034538,0.00244,0.034047,0.040103,0.055667,0.035505,0.002262,-0.028967,0.058848,0.014308,0.09004,0.017685,0.005613,0.011935,0.019472,0.037896,0.000902,0.003052
2016-02,-0.01607,-0.022341,-0.013227,0.007058,-0.011303,-0.029316,-0.022306,-0.031738,0.022568,-0.023441,-0.029495,-0.01876,-0.008912,-0.017418,-0.005813,-0.013067,-0.021254,-0.035007
2016-03,-0.049194,-0.004643,-0.015067,0.002764,-0.058214,-0.04226,-0.005433,-0.015658,-0.041849,-0.015865,-0.018888,-0.02327,-0.017772,-0.012365,-0.019842,-0.010328,-0.001238,0.00299
2016-04,-0.019803,-0.01973,-0.020008,-0.004976,-0.025714,-0.03134,-0.02197,-0.031182,-0.005928,-0.031901,-0.047003,-0.016611,-0.028768,-0.019447,-0.00829,-0.010223,-0.02259,-0.01952
2016-05,0.047296,0.002144,0.013999,-0.014324,0.004872,0.009921,0.001699,-0.007166,0.039595,0.002418,0.055454,0.014784,0.011781,0.013487,0.006709,0.043284,0.001817,0.012106
2016-06,-0.010073,0.006236,-0.032047,0.022704,-0.022216,-0.003718,0.005847,-0.03342,0.030865,0.009923,-0.012152,-0.011771,0.009832,-0.009842,-0.007429,-4.9e-05,0.007927,0.00487
2016-07,-0.015989,0.014934,-0.011192,0.077661,-0.032083,0.012318,0.015198,-0.011995,0.00091,0.020758,-0.038749,-0.001503,0.030649,0.012406,-0.006333,0.020455,0.01275,0.017282
2016-08,-0.012048,-0.014442,-0.012663,0.002343,-0.009973,-0.003884,-0.014303,-0.029456,-0.004449,-0.021018,-0.037349,-0.002627,-0.013012,-0.013422,-0.017696,0.009048,-0.013564,-0.026192
2016-09,0.006221,-0.001801,-0.00889,-0.003195,0.025211,0.008823,-0.000986,0.004553,0.043977,-0.012345,0.02343,0.008583,0.006373,0.000898,-0.002595,0.006908,-0.00056,-0.005357
2016-10,-0.002046,0.017542,0.023592,0.063463,-0.009817,0.011088,0.016466,0.019947,-0.014957,-0.002557,-0.001095,0.018762,0.032515,0.013541,0.004125,0.0434,0.01627,0.010778
2016-11,0.011987,0.019502,0.001394,-0.00854,0.05756,0.013772,0.019831,0.041929,0.061362,0.02946,0.004937,0.018529,0.0331,0.007502,0.005112,0.072296,0.0211,0.026816
2016-12,0.025819,0.022154,0.017904,-0.004478,0.015809,-0.007341,0.02119,0.06631,0.028336,0.017989,0.000528,0.017746,0.007527,0.021366,0.007677,0.069634,0.02242,0.03323
2017-01,-0.015173,-0.009527,-0.012016,0.008843,-0.039875,-0.011864,-0.00977,-0.010633,0.046863,-0.012387,-0.015786,-0.005768,-0.030023,-0.013146,-0.01136,0.077373,-0.008222,-0.01733
2017-02,-0.025493,-0.002394,-0.012456,-0.010763,-0.017044,-0.00571,-0.002696,-0.018021,-0.047197,-0.016297,-0.021102,-0.009785,-0.006083,-0.007852,-0.025499,-0.014199,-0.003551,-0.004408
2017-03,0.00637,-0.004971,0.032468,0.011375,0.01631,0.020922,-0.004942,-0.000958,-0.047009,0.021875,-0.01539,-0.006374,0.000364,-0.001034,-0.00702,0.009743,-0.004725,-0.000728
2017-04,0.012296,-0.003357,0.006173,-0.023993,0.012259,0.003482,-0.003227,-0.026357,-0.022306,0.009103,0.045543,-0.004856,0.003981,-0.002189,-0.009911,0.003864,-0.011949,0.001484
2017-05,0.013676,-0.03207,0.004206,-0.023295,0.028938,0.012324,-0.031806,0.018423,0.004698,-0.009524,-0.008582,-0.002414,-0.021418,-0.015856,-0.007996,-0.014807,-0.040455,-0.036005
2017-06,-0.015989,-0.017748,-0.039644,0.008514,0.035585,-0.023398,-0.01845,-0.012975,-0.029741,-0.005845,-0.023246,-0.008682,-0.013416,-0.020731,0.003828,-0.004732,-0.029297,-0.023442
2017-07,-0.031405,-0.027498,-0.016548,-0.015244,-0.022405,-0.046853,-0.027582,0.012279,-0.012552,-0.038099,0.024841,-0.009422,-0.044441,-0.009737,0.003772,0.021126,-0.032884,-0.030439
2017-08,-0.013282,-0.02565,0.008085,0.002529,-0.009784,-0.006744,-0.025637,-0.024545,0.004209,-0.032791,0.009778,-0.007425,-0.029441,0.003293,-0.005839,-0.006582,-0.025606,-0.035946
2017-09,-0.006947,-0.009853,0.006732,-0.03039,0.001,-0.026498,-0.009737,0.007326,0.00674,-0.006923,0.001273,-0.008604,-0.010644,-0.004723,-0.004005,-0.001476,-0.011201,0.003196
2017-10,0.024012,0.011926,0.03108,0.009602,0.024427,0.026233,0.01204,0.017909,0.058978,0.019357,0.044132,0.007262,0.019305,0.018368,0.003401,0.065282,0.000457,0.017186
2017-11,0.022149,-0.000442,0.022778,-0.001845,0.026968,0.012902,-0.000841,-0.00205,0.010629,0.023673,0.029723,-0.003095,0.024039,0.007683,-0.006232,0.06572,-0.008447,0.006782
2017-12,-0.003145,-0.009544,-0.010791,-0.014832,0.01469,-0.000491,-0.00953,-0.000304,0.017674,0.014015,-0.06578,-0.007279,-0.00139,-0.006763,-0.005141,-0.002885,-0.008078,-0.005931
2018-01,-0.039393,-0.031828,-0.041471,-0.031876,-0.021004,-0.02739,-0.03146,-0.020038,-0.008757,-0.051998,-0.066888,-0.019078,-0.043827,-0.029388,-0.019602,-0.007986,-0.038328,-0.042821
2018-02,0.011471,-0.013424,-0.005333,-0.010854,0.016455,0.01239,-0.0139,-0.028047,-0.009258,-0.009135,-0.027094,-0.0016,-0.001128,-0.028321,-0.006195,0.012108,-0.019715,-0.007905
2018-03,0.014176,-0.001437,0.006744,-0.00216,0.012838,0.02677,-0.000853,-0.019705,0.002095,-0.009934,0.005578,-0.004614,0.020832,0.011055,-0.002668,0.03762,0.003921,0.0025
2018-04,0.009763,0.003203,0.002039,-0.008533,0.04294,-0.016176,0.002953,0.013326,-0.00632,0.008928,0.026375,0.000559,0.024101,0.019316,0.004913,0.052495,0.000721,0.000863
2018-05,0.020849,0.035074,0.041082,0.042974,0.067337,0.009872,0.035016,0.016962,0.066069,0.030307,0.039205,0.016943,0.032222,0.026374,0.015375,0.095846,0.046504,0.050485
2018-06,0.003614,0.010122,0.001649,0.01182,0.041626,0.019385,0.010157,0.00147,0.041551,0.000689,0.063804,0.005935,0.002895,-0.009347,0.005975,0.061207,0.016294,0.031157
2018-07,0.012681,-0.002679,0.022291,0.00866,0.017384,7.2e-05,-0.002543,0.011244,-0.061646,0.001414,0.007883,0.010498,0.000342,0.002415,0.013796,0.041815,0.001378,0.004249
2018-08,0.010461,0.009722,0.017869,0.020624,0.032613,-0.007426,0.010294,-0.006648,-0.001759,0.024255,0.056767,0.003626,0.025133,-0.009269,0.003951,0.22546,0.002747,0.004658
2018-09,0.016367,-0.012566,0.010645,-0.015728,0.047492,-0.001158,-0.012256,0.007737,0.011772,-0.012492,0.049691,0.001063,-0.016744,-0.022622,-0.00068,0.093716,-0.014563,-0.00625
2018-10,0.012968,0.013131,0.009004,0.002817,-0.084633,-0.002913,0.013053,0.003447,0.014835,-0.000277,-0.014318,0.005104,0.00866,0.023615,0.00362,-0.064044,0.021817,0.010894
2018-11,-0.01943,0.008488,-0.036418,0.0073,0.010326,0.014785,0.008891,0.003292,0.057786,0.025646,-0.024403,-0.003705,0.000708,0.004472,-0.003988,-0.06546,0.012707,0.004859
2018-12,0.010624,-0.003931,-0.006501,0.017057,0.028952,0.016704,-0.004294,-0.012458,-0.002242,0.015804,0.015003,-0.003996,-0.00671,-0.012169,-0.002462,0.009333,-0.007659,-0.004651
2019-01,0.002005,-0.005812,0.004868,-0.020054,-0.035219,-0.010924,-0.005623,-0.031668,-0.042673,-0.010506,-0.028007,-0.011247,-0.006276,-0.005011,-0.000818,0.027347,-0.011735,-0.013
2019-02,0.001572,0.003609,-0.007731,-0.01038,0.000592,-0.007578,0.002945,0.011162,0.00582,0.003092,0.002732,-0.002194,0.025395,0.008964,-0.001942,-0.000305,0.006564,-0.001948
2019-03,0.007144,0.002224,-0.001295,-0.013013,0.034349,0.011509,0.001993,0.003978,0.007172,0.001253,0.043765,-0.000326,0.002544,-0.003687,0.000235,0.053297,0.00023,-0.005274
2019-04,-0.00473,0.003033,0.017154,0.009021,0.018238,-0.000206,0.003261,0.002138,-0.010248,-0.006363,-0.013649,0.00069,0.001401,0.005053,-0.001978,0.07199,0.003676,0.019857
2019-05,0.022849,0.001762,0.02236,0.011954,0.027467,0.005436,0.001477,-0.01736,0.012378,0.019294,0.02266,0.010058,0.025569,-0.000504,0.010454,0.067553,0.00615,0.015529
2019-06,-0.000958,-0.011976,-0.006707,0.012686,-0.030919,-0.013391,-0.011653,-0.019781,0.013328,-0.013155,0.014752,-0.006696,-0.02159,-0.025417,0.000622,-0.019632,-0.017942,-0.018393
