Time Period,AUSTRALIA,EURO AREA,NEW ZEALAND,UNITED KINGDOM,BRAZIL,CANADA,CHINA,DENMARK,INDIA,JAPAN,MEXICO,NORWAY,SOUTH AFRICA,SINGAPORE,KOREA,SWEDEN,SWITZERLAND,TAIWAN,TURKEY,CZECHIA,HUNGARY
Currency:,USD,USD,USD,USD,BRL,CAD,CNY,DKK,INR,JPY,MXN,NOK,ZAR,SGD,KRW,SEK,CHF,TWD,TRY,CZK,HUF
2000-01,0.656,1.0131,0.5127,1.6404,1.8057,1.4486,8.2792,7.3492,43.5895,105.296,9.4935,8.0241,6.1309,1.6757,1130.99,8.4918,1.5903,30.8895,0.544802,35.484,251.0805
2000-02,0.6278,0.9834,0.4903,1.6,1.7765,1.4512,8.2781,7.5725,43.654,109.3885,9.4265,8.2374,6.3209,1.7028,1129.7455,8.648,1.6348,30.8058,0.56304,36.287619,260.127143
2000-03,0.6094,0.9643,0.4902,1.5799,1.7424,1.4608,8.2786,7.7228,43.6383,106.3074,9.2886,8.41,6.4675,1.7153,1116.3904,8.6971,1.6636,30.7198,0.580069,36.907391,266.264783
2000-04,0.596,0.9449,0.496,1.5823,1.7696,1.4689,8.2793,7.8872,43.6847,105.627,9.3937,8.6272,6.648,1.7096,1110.32,8.7486,1.6657,30.5203,0.595406,38.3345,272.5345
2000-05,0.5784,0.9059,0.4708,1.509,1.8278,1.4957,8.2781,8.2329,44.0759,108.3205,9.5059,9.0533,7.0238,1.7286,1119.4864,9.0925,1.719,30.7718,0.617365,40.383913,285.682174
2000-06,0.5949,0.9505,0.4705,1.5092,1.8099,1.477,8.2772,7.8501,44.7605,106.1255,9.8343,8.6807,6.9147,1.7277,1117.935,8.7471,1.642,30.8305,0.61587,37.965909,273.508636
2000-07,0.587,0.9386,0.4597,1.5076,1.7982,1.4778,8.2794,7.9471,44.8405,108.2115,9.4192,8.7185,6.8971,1.7414,1115.075,8.964,1.6519,30.9838,0.627277,37.88319,276.655238
2000-08,0.5808,0.9045,0.4452,1.4889,1.8091,1.4828,8.2796,8.2459,45.7687,108.0804,9.2724,8.9526,6.957,1.7206,1114.467,9.2771,1.7149,31.1061,0.645088,39.016522,287.932174
2000-09,0.5521,0.8695,0.4171,1.4336,1.8397,1.4864,8.2785,8.5849,45.968,106.8375,9.3615,9.2331,7.1805,1.7406,1117.57,9.6853,1.7586,31.1977,0.66452,40.724,301.5325
2000-10,0.528,0.8525,0.4001,1.4506,1.8813,1.5125,8.2785,8.7276,46.4252,108.4429,9.537,9.3794,7.4902,1.7525,1131.099,9.993,1.7745,31.8457,0.676761,41.267273,307.672273
2000-11,0.5218,0.8552,0.399,1.4258,1.9483,1.5426,8.2774,8.6992,46.8214,109.0095,9.5081,9.3524,7.6889,1.7478,1156.5429,10.0965,1.7779,32.4333,0.684057,40.536364,308.940455
2000-12,0.5466,0.8983,0.4297,1.4629,1.9632,1.5219,8.2771,8.3059,46.7845,112.209,9.4673,9.0616,7.6439,1.7361,1216.935,9.6604,1.6855,33.123,0.677648,38.8485,295.5035
2001-01,0.5552,0.9376,0.4442,1.4775,1.9561,1.5032,8.2776,7.9629,46.6138,116.6719,9.7688,8.7817,7.7786,1.738,1272.6343,9.491,1.6305,32.6731,0.670961,37.441364,282.297273
2001-02,0.5338,0.9205,0.4345,1.4525,2.006,1.5216,8.2771,8.1103,46.5616,116.2337,9.7108,8.918,7.8214,1.7435,1252.8526,9.7518,1.6686,32.33,0.752824,37.6125,288.404
2001-03,0.5031,0.9083,0.4182,1.4445,2.0955,1.5587,8.2775,8.2229,46.6532,121.505,9.599,8.9859,7.898,1.7732,1291.405,10.0516,1.6908,32.6216,0.959027,37.961818,292.602273
2001-04,0.5016,0.8925,0.4069,1.4348,2.1934,1.5578,8.2771,8.3657,46.7886,123.771,9.3276,9.092,8.0783,1.8118,1327.7571,10.2035,1.7131,32.9405,1.214425,38.7165,299.157
2001-05,0.5199,0.8753,0.4218,1.4265,2.2926,1.5411,8.277,8.5256,46.9473,121.7682,9.1475,9.138,7.9789,1.8141,1298.8955,10.3513,1.7528,33.2032,1.139215,39.25087,295.568261
2001-06,0.518,0.853,0.4141,1.402,2.3788,1.5245,8.277,8.7397,47.0424,122.351,9.0881,9.3014,8.0595,1.817,1295.0476,10.793,1.7856,34.328,1.218833,39.799952,289.989048
2001-07,0.5089,0.8615,0.4081,1.4148,2.4731,1.5308,8.2769,8.6442,47.1781,124.4981,9.1682,9.2566,8.2094,1.8233,1305.2381,10.7603,1.757,34.8214,1.32375,39.372727,289.159545
2001-08,0.5246,0.9014,0.4314,1.4372,2.5122,1.5399,8.277,8.2632,47.1665,121.367,9.1332,8.9427,8.3115,1.7613,1285.6522,10.3329,1.6808,34.6391,1.399804,37.798261,278.733043
2001-09,0.5036,0.9114,0.4173,1.4638,2.6767,1.5679,8.2768,8.1654,47.7511,118.6117,9.4253,8.7691,8.6756,1.7494,1293.8333,10.6353,1.6338,34.5848,1.473325,37.4285,280.233
2001-10,0.5042,0.905,0.4139,1.4501,2.7408,1.5717,8.2768,8.2186,48.0514,121.4536,9.3391,8.8329,9.2804,1.8113,1302.3636,10.5661,1.6357,34.5827,1.6065,37.048696,281.501739
2001-11,0.5165,0.8883,0.4158,1.4356,2.5481,1.5922,8.2769,8.3832,48.043,122.4055,9.225,8.9296,9.7388,1.8295,1282.1,10.6117,1.6509,34.4975,1.525364,37.465455,282.861818
2001-12,0.5138,0.8912,0.4157,1.4413,2.3635,1.5788,8.2764,8.3526,47.9345,127.5945,9.1574,8.9713,11.6761,1.8382,1292.285,10.5753,1.6566,34.682,1.455194,36.443889,277.39
2002-01,0.517,0.8832,0.4245,1.4322,2.3799,1.5997,8.2771,8.4183,48.3533,132.6833,9.1636,8.9684,11.6258,1.8394,1316.3381,10.4561,1.6709,35.0271,1.374773,36.199545,275.882273
2002-02,0.5128,0.8707,0.4187,1.4227,2.4242,1.5964,8.2767,8.5343,48.7168,133.6426,9.105,8.9492,11.4923,1.8312,1320.5526,10.5501,1.697,35.0732,1.360225,36.53,279.7895
2002-03,0.5256,0.8766,0.4333,1.423,2.345,1.5877,8.2773,8.4795,48.7667,131.061,9.064,8.8072,11.4863,1.8295,1322.9048,10.3324,1.6743,35.0195,1.361238,35.811429,278.987619
2002-04,0.5352,0.886,0.4428,1.4429,2.3227,1.5815,8.2772,8.3942,48.9386,130.7718,9.1649,8.6102,11.0832,1.8285,1318.0909,10.307,1.6542,34.9173,1.324205,34.329091,273.695
2002-05,0.5498,0.917,0.461,1.4598,2.4753,1.5502,8.277,8.1098,49.0168,126.375,9.5099,8.205,10.1615,1.8004,1262.2,10.0642,1.5889,34.4536,1.397891,33.332609,265.819565
2002-06,0.5682,0.9561,0.4886,1.4837,2.7144,1.5318,8.2767,7.7775,48.984,123.2905,9.7671,7.7533,10.1841,1.7831,1219.695,9.5376,1.5399,33.889,1.5293,31.819,254.433
2002-07,0.5538,0.9935,0.4809,1.5565,2.9414,1.5456,8.2768,7.4807,48.7877,117.8991,9.7792,7.4694,10.1032,1.7524,1179.9868,9.3474,1.4718,33.2723,1.657902,29.894348,247.993913
2002-08,0.5413,0.9781,0.4635,1.5368,3.1082,1.5694,8.2767,7.5948,48.615,118.9927,9.8389,7.6042,10.5878,1.7553,1197.5091,9.461,1.4972,33.8841,1.6435,31.48,250.864545
2002-09,0.5465,0.9806,0.4702,1.5563,3.3548,1.5761,8.277,7.5752,48.4625,121.078,10.0708,7.5018,10.5967,1.7682,1211.605,9.34,1.4931,34.573,1.654341,30.82381,248.745238
2002-10,0.5502,0.9812,0.4818,1.5575,3.7966,1.578,8.2772,7.5732,48.3882,123.9077,10.0941,7.4873,10.3058,1.7843,1240.1909,9.2846,1.4932,34.9468,1.656056,31.230435,248.10087
2002-11,0.5613,1.0013,0.4973,1.5711,3.5924,1.5715,8.2772,7.4201,48.2853,121.6079,10.1952,7.3157,9.6509,1.7653,1210.2,9.0652,1.4658,34.6732,1.609523,30.692857,237.976667
2002-12,0.5624,1.0194,0.5108,1.5863,3.6268,1.5592,8.2777,7.2874,48.1495,121.8929,10.2251,7.1557,8.9479,1.7532,1206.6143,8.9303,1.4388,34.799,1.579153,30.650526,232.320526
2003-01,0.5829,1.0622,0.5398,1.6175,3.4375,1.5414,8.2775,6.998,47.9571,118.8133,10.6223,6.9138,8.6949,1.7363,1176.4524,8.6368,1.3765,34.5714,1.663274,29.65,226.827273
2003-02,0.5956,1.0785,0.5539,1.6079,3.5955,1.5121,8.278,6.892,47.7474,119.3379,10.9447,7.0004,8.2858,1.7451,1190.3684,8.4837,1.3602,34.7342,1.631412,29.3615,227.4725
2003-03,0.6015,1.0797,0.5537,1.5825,3.4567,1.4761,8.2773,6.8807,47.6767,118.6871,10.9053,7.276,8.0506,1.7551,1237.2,8.544,1.3614,34.7216,1.66316,29.418095,227.551429
2003-04,0.61,1.0862,0.5518,1.5739,3.109,1.4582,8.2772,6.8381,47.3909,119.895,10.5887,7.2032,7.6634,1.7771,1231.1045,8.4314,1.3783,34.8239,1.629368,29.152273,226.235909
2003-05,0.6468,1.1556,0.5756,1.6224,2.9517,1.384,8.2769,6.4268,47.11,117.3681,10.2528,6.8145,7.6604,1.7357,1201.2333,7.9213,1.3111,34.697,1.492217,27.149545,212.425455
2003-06,0.6652,1.1674,0.5815,1.6609,2.8887,1.3525,8.2771,6.362,46.6995,118.329,10.5028,7.0093,7.8588,1.7351,1194.1429,7.8116,1.3196,34.6329,1.42671,26.98619,223.489048
2003-07,0.6607,1.1365,0.5864,1.6221,2.8833,1.3821,8.2773,6.5425,46.22,118.6959,10.4581,7.2924,7.5458,1.7551,1181.1636,8.0929,1.3611,34.3968,1.403516,27.993913,231.605652
2003-08,0.6518,1.1155,0.5829,1.5939,3.0053,1.3963,8.277,6.6653,45.9557,118.6624,10.783,7.4096,7.3945,1.7533,1178.6,8.2821,1.3811,34.3181,1.404805,28.920952,232.521429
2003-09,0.6635,1.1267,0.5843,1.6155,2.9204,1.3634,8.2772,6.5953,45.8467,114.8,10.9229,7.2782,7.306,1.7466,1165.4048,8.0426,1.3743,33.9948,1.3769,28.845909,227.711818
2003-10,0.6948,1.1714,0.602,1.6792,2.8628,1.3221,8.2768,6.3449,45.4036,109.4955,11.1796,7.0331,6.9644,1.7345,1169.3409,7.6957,1.3222,33.8745,1.432049,27.328261,218.26913
2003-11,0.7158,1.171,0.6285,1.6897,2.915,1.313,8.2769,6.3526,45.5544,109.1778,11.1494,7.0054,6.7205,1.7282,1186.3889,7.6799,1.3318,34.0361,1.472517,27.344,221.7035
2003-12,0.7391,1.2298,0.6471,1.7516,2.9255,1.3128,8.277,6.0537,45.5741,107.7377,11.2515,6.7128,6.5374,1.7107,1192.3364,7.3395,1.2643,34.0564,1.434571,26.348571,215.75381
2004-01,0.7717,1.2638,0.6738,1.8255,2.8533,1.2958,8.277,5.8952,45.456,106.2685,10.9203,6.8117,6.9398,1.6965,1183.345,7.2334,1.2391,33.6685,1.348252,25.889524,209.325238
2004-02,0.777,1.264,0.6916,1.8673,2.9342,1.3299,8.2771,5.8956,45.2726,106.7079,11.0319,6.9508,6.7542,1.6869,1167.5316,7.263,1.2448,33.2137,1.329872,25.9955,207.8895
2004-03,0.7496,1.2261,0.6607,1.8261,2.9067,1.3286,8.2771,6.0757,44.9693,108.5157,11.019,6.9598,6.614,1.6996,1166.287,7.5322,1.2778,33.2522,1.319873,26.847826,206.481304
2004-04,0.7443,1.1989,0.6415,1.8031,2.9079,1.342,8.2769,6.2104,43.8918,107.6564,11.2701,6.9263,6.5747,1.6849,1152.8636,7.6496,1.2969,32.9705,1.359841,27.078182,208.090909
2004-05,0.7039,1.2,0.6151,1.786,3.1023,1.3789,8.2771,6.2021,45.1755,112.196,11.5199,6.8428,6.7996,1.7124,1177.875,7.6097,1.2839,33.4442,1.510923,26.66619,210.545714
2004-06,0.6937,1.2146,0.6284,1.8279,3.1293,1.3578,8.2767,6.122,45.5027,109.4336,11.3926,6.8279,6.4216,1.7136,1159.0227,7.5323,1.2503,33.5677,1.493626,26.037727,208.188636
2004-07,0.7161,1.2266,0.6467,1.8438,3.0384,1.3225,8.2767,6.0631,46.0557,109.4871,11.4678,6.9126,6.135,1.7121,1158.7,7.5027,1.2452,33.8062,1.456338,25.757273,203.755455
2004-08,0.7111,1.2191,0.6561,1.8203,3.0018,1.3127,8.2768,6.1007,46.322,110.2336,11.3953,6.8369,6.4667,1.7145,1158.0318,7.5362,1.2623,34.0232,1.479836,25.959545,204.153182
2004-09,0.7028,1.2224,0.6594,1.7937,2.8914,1.2881,8.2767,6.0866,46.0548,110.0914,11.487,6.8416,6.5349,1.6948,1148.719,7.4356,1.2629,33.8929,1.497659,25.867273,202.696364
2004-10,0.7337,1.2507,0.6846,1.8077,2.852,1.2469,8.2765,5.9486,45.7355,108.7835,11.4037,6.5809,6.3815,1.6767,1141.57,7.2453,1.233,33.7748,1.482781,25.210952,197.379048
2004-11,0.7704,1.2997,0.7009,1.8607,2.7877,1.1968,8.2765,5.7178,45.0325,104.699,11.371,6.27,6.0305,1.6505,1086.435,6.9257,1.1711,32.777,1.443514,24.143636,189.22
2004-12,0.7675,1.3406,0.7149,1.9286,2.715,1.2189,8.2765,5.5449,43.847,103.8104,11.2012,6.1355,5.7235,1.6402,1050.3739,6.6969,1.1465,32.1703,1.38943,22.881304,183.586957
2005-01,0.7668,1.3123,0.7065,1.8797,2.6895,1.2248,8.2765,5.6699,43.615,103.341,11.2627,6.2672,5.9587,1.6377,1037.9825,6.8991,1.1792,31.8465,1.348419,23.06619,187.56381
2005-02,0.7812,1.3013,0.7155,1.8871,2.5971,1.2401,8.2765,5.7195,43.5758,104.9442,11.1373,6.396,6.0001,1.6381,1023.1105,6.98,1.1918,31.4976,1.307605,23.056,187.511
2005-03,0.7848,1.3185,0.73,1.9043,2.7061,1.216,8.2765,5.6488,43.5861,105.2543,11.1552,6.2116,6.0328,1.6308,1007.7761,6.8954,1.1756,31.1055,1.3079,22.590435,185.690435
2005-04,0.7738,1.2943,0.7209,1.8961,2.576,1.2359,8.2765,5.7554,43.6419,107.1938,11.1121,6.3147,6.1469,1.6511,1010.0667,7.0814,1.1954,31.48,1.354857,23.274762,191.507619
2005-05,0.7663,1.2697,0.7191,1.8559,2.4554,1.2555,8.2765,5.8628,43.4095,106.5952,10.9764,6.3656,6.3267,1.6507,1001.8386,7.2382,1.2172,31.2652,1.364018,23.800455,198.324091
2005-06,0.7667,1.2155,0.7083,1.8177,2.4148,1.2402,8.2765,6.1247,43.5245,108.7473,10.8197,6.4936,6.7396,1.6723,1012.46,7.6229,1.2665,31.3473,1.353714,24.702727,204.791818
2005-07,0.7524,1.2041,0.6789,1.7507,2.3702,1.2229,8.2264,6.1943,43.434,111.9535,10.6724,6.5783,6.6966,1.6815,1036.56,7.8263,1.2945,31.8855,1.335425,25.058095,204.581905
2005-08,0.7614,1.2295,0.6956,1.7944,2.3609,1.2043,8.1017,6.0665,43.55,110.6065,10.6862,6.4367,6.4599,1.6623,1021.6804,7.5951,1.2629,32.0757,1.339735,24.058261,198.70087
2005-09,0.7651,1.2234,0.6987,1.8064,2.2949,1.1777,8.0919,6.0973,43.8462,111.239,10.7858,6.383,6.3661,1.682,1029.8433,7.63,1.2671,32.9248,1.334268,23.914545,200.590909
2005-10,0.7535,1.2022,0.6983,1.7651,2.2536,1.1774,8.0895,6.2064,44.7575,114.8695,10.8354,6.5103,6.5878,1.6915,1045.8775,7.8433,1.288,33.4675,1.351176,24.685714,209.397619
2005-11,0.7353,1.1789,0.6897,1.7349,2.2109,1.1815,8.084,6.3277,45.6315,118.454,10.6715,6.6399,6.6554,1.6981,1040.76,8.1157,1.311,33.58,1.353118,24.803636,212.755455
2005-12,0.7423,1.1861,0.6947,1.7458,2.2809,1.1615,8.0755,6.2844,45.5633,118.4624,10.6266,6.7242,6.348,1.6738,1022.381,7.9518,1.3053,33.2861,1.345336,24.443773,212.905909
2006-01,0.7505,1.2126,0.6872,1.7686,2.2666,1.1572,8.0654,6.153,44.201,115.4765,10.5422,6.6287,6.076,1.631,981.435,7.6697,1.2773,32.035,1.326864,23.687,206.965909
2006-02,0.7418,1.194,0.6735,1.748,2.1587,1.1489,8.0512,6.2514,44.23,117.8605,10.4842,6.7526,6.1153,1.6286,969.8447,7.8226,1.3052,32.3189,1.319445,23.81335,210.8855
2006-03,0.7266,1.2028,0.6342,1.7442,2.1528,1.1573,8.035,6.2025,44.3378,117.2778,10.7493,6.6317,6.2436,1.6211,974.7109,7.8109,1.305,32.4587,1.330278,23.815174,217.054783
2006-04,0.7369,1.2273,0.622,1.768,2.1281,1.1441,8.0143,6.0798,44.8245,117.0695,11.0489,6.3922,6.0811,1.6008,952.595,7.6005,1.283,32.288,1.32961,23.23385,216.3125
2006-05,0.7639,1.2767,0.6311,1.8687,2.1697,1.11,8.0131,5.8398,45.1959,111.7305,11.0908,6.104,6.3128,1.5755,940.8168,7.305,1.219,31.7368,1.427691,22.133696,205.556522
2006-06,0.7399,1.2661,0.619,1.8435,2.2493,1.1137,8.0042,5.8897,45.8886,114.625,11.3934,6.207,6.9738,1.5912,954.45,7.2949,1.2321,32.4395,1.597373,22.417136,215.308182
2006-07,0.7528,1.2681,0.6178,1.8443,2.1883,1.1294,7.9897,5.8826,46.3675,115.767,10.983,6.2617,7.0688,1.5837,950.81,7.2654,1.2376,32.617,1.546562,22.418714,218.502381
2006-08,0.7631,1.281,0.6348,1.8941,2.1553,1.1182,7.9722,5.8236,46.4461,115.9243,10.8735,6.2423,6.9503,1.5754,960.9522,7.189,1.2318,32.7609,1.460117,22.018609,214.20913
2006-09,0.7549,1.2722,0.6551,1.8839,2.1679,1.1161,7.9334,5.8633,46.0105,117.2145,10.9888,6.5008,7.4465,1.5803,952.29,7.2844,1.2455,32.9035,1.47449,22.294952,215.627619
2006-10,0.7544,1.2617,0.6621,1.8765,2.1458,1.1285,7.9018,5.9085,45.3552,118.609,10.8854,6.6591,7.63,1.5775,952.6429,7.3338,1.2602,33.1938,1.469982,22.406,211.237273
2006-11,0.7728,1.2888,0.6693,1.9125,2.1555,1.1359,7.8622,5.7858,44.7257,117.3205,10.9133,6.3991,7.2455,1.5558,935.4143,7.0612,1.2356,32.8081,1.45065,21.7355,200.755
2006-12,0.7858,1.3205,0.6933,1.9629,2.1476,1.1532,7.8219,5.6452,44.4835,117.322,10.8546,6.1826,7.0345,1.5401,924.98,6.8398,1.2099,32.5115,1.42639,21.046095,192.404286
2007-01,0.7826,1.2993,0.6947,1.9587,2.1376,1.1763,7.7876,5.7364,44.2062,120.4471,10.9559,6.3656,7.1898,1.5373,936.7619,6.9901,1.2431,32.7695,1.418683,21.417696,195.358696
2007-02,0.783,1.308,0.6934,1.9589,2.0939,1.171,7.7502,5.6981,44.0195,120.5047,10.9951,6.186,7.1755,1.5333,936.9,7.02,1.2393,32.9684,1.39022,21.58685,193.5705
2007-03,0.7932,1.3246,0.6995,1.9474,2.0883,1.1682,7.7369,5.6232,43.7936,117.26,11.1144,6.1401,7.3525,1.5242,942.8841,7.0171,1.2178,33.0095,1.401373,21.169545,188.351818
2007-04,0.8273,1.3513,0.7345,1.9879,2.0302,1.135,7.7247,5.5155,42.0176,118.9324,10.9802,6.0098,7.1026,1.515,930.6905,6.8371,1.2124,33.1452,1.353429,20.72481,182.07
2007-05,0.8254,1.3518,0.7334,1.9842,1.9836,1.0951,7.6773,5.512,40.5686,120.7732,10.8221,6.022,7.0148,1.5231,927.5636,6.8094,1.2211,33.2777,1.330839,20.906783,184.057391
2007-06,0.8423,1.3421,0.757,1.9867,1.9323,1.0651,7.6333,5.5463,40.5905,122.6886,10.833,5.998,7.1515,1.5367,927.8667,6.9485,1.233,32.9743,1.314605,21.266143,186.347619
2007-07,0.8677,1.3726,0.7862,2.0355,1.8812,1.0502,7.5757,5.4199,40.2738,121.4148,10.8146,5.7807,6.973,1.5156,918.119,6.6933,1.2069,32.8095,1.274609,20.660136,180.164091
2007-08,0.8291,1.3626,0.7259,2.011,1.962,1.0579,7.5734,5.4621,40.6791,116.7335,11.0438,5.8492,7.2153,1.5226,934.4848,6.8429,1.2027,32.9617,1.306009,20.447261,187.458696
2007-09,0.8461,1.391,0.7188,2.0184,1.9023,1.0267,7.521,5.3563,40.1735,115.0435,11.0319,5.6256,7.1007,1.511,928.595,6.6713,1.1852,33.01,1.256975,19.83405,182.125
2007-10,0.8996,1.4233,0.7603,2.0449,1.7987,0.9754,7.5019,5.2363,39.3661,115.8661,10.8214,5.4023,6.7574,1.465,914.9435,6.4439,1.1741,32.5473,1.193835,19.210957,176.450435
2007-11,0.8961,1.4683,0.7631,2.0701,1.7669,0.9672,7.421,5.0766,39.3267,111.0729,10.8811,5.4156,6.7049,1.4466,918.8095,6.3242,1.1233,32.3275,1.184741,18.172909,173.234545
2007-12,0.8719,1.4559,0.769,2.0161,1.7852,1.0021,7.3682,5.1235,39.375,112.449,10.8463,5.5,6.8376,1.4487,931.095,6.4764,1.1402,32.4115,1.17331,18.07045,173.9475
2008-01,0.8823,1.4728,0.774,1.9702,1.771,1.0099,7.2405,5.0575,39.2676,107.8181,10.9057,5.3993,6.9962,1.4299,942.0571,6.3978,1.1006,32.3586,1.170474,17.717826,173.95413
2008-02,0.9133,1.4759,0.7969,1.9646,1.729,0.9986,7.1644,5.0507,39.6735,107.03,10.7679,5.3851,7.6578,1.4106,944.005,6.345,1.089,31.6125,1.189248,17.223048,177.962095
2008-03,0.9221,1.552,0.8004,2.0015,1.709,1.0029,7.0722,4.8043,40.1452,100.7562,10.7328,5.1495,7.9921,1.3843,981.7348,6.0613,1.0126,30.5771,1.23789,16.232095,167.381333
2008-04,0.9309,1.5754,0.7897,1.9816,1.6863,1.0137,6.9997,4.7354,39.9668,102.6777,10.5146,5.0541,7.7585,1.3643,986.8636,5.947,1.0138,30.3555,1.295495,15.913636,161.015773
2008-05,0.9492,1.5554,0.7777,1.965,1.6585,0.9993,6.9725,4.7963,42.0019,104.3595,10.4381,5.0571,7.6076,1.3659,1034.1333,5.9887,1.0448,30.589,1.242736,16.138136,159.235273
2008-06,0.9511,1.5562,0.7616,1.9664,1.6179,1.0166,6.8993,4.7926,42.7633,106.9152,10.3269,5.1351,7.9367,1.3679,1031.4857,6.0249,1.0371,30.3705,1.228367,15.624476,155.997571
2008-07,0.962,1.5759,0.7546,1.9888,1.59,1.013,6.8355,4.7335,42.7027,106.8518,10.2094,5.1058,7.6114,1.3591,1015.0545,6.0015,1.0283,30.4141,1.207248,14.933348,147.110739
2008-08,0.8815,1.4955,0.7091,1.8865,1.6127,1.0535,6.8462,4.9894,42.9057,109.3624,10.1154,5.3331,7.6651,1.4052,1046.1143,6.2845,1.0841,31.2205,1.173533,16.245381,157.619524
2008-09,0.8168,1.4342,0.6739,1.7973,1.8031,1.0582,6.8307,5.202,45.53,106.5748,10.6633,5.6958,8.0753,1.4297,1134.8667,6.6816,1.1102,31.9924,1.232318,17.036545,167.751864
2008-10,0.687,1.3266,0.6077,1.6862,2.181,1.1847,6.8358,5.6253,48.6155,99.9659,12.6593,6.4973,9.78,1.4784,1329.1877,7.4435,1.1429,32.7025,1.478822,18.687478,196.813
2008-11,0.6591,1.2744,0.5664,1.5327,2.2704,1.2171,6.8281,5.8448,48.8517,96.9656,13.1186,6.929,10.1112,1.5076,1398.7044,7.9612,1.191,33.1028,1.587955,19.77515,207.8423
2008-12,0.6719,1.3511,0.5597,1.4854,2.3954,1.2337,6.8539,5.5239,48.5132,91.275,13.4167,7.0159,9.9227,1.4769,1361.5727,8.0124,1.1404,33.1555,1.541252,19.4073,196.89
2009-01,0.6754,1.3244,0.551,1.4462,2.3079,1.2248,6.836,5.6284,48.6995,90.1205,13.8839,6.9566,9.9076,1.4913,1354.3975,8.1044,1.1267,33.3695,1.594636,20.679,213.4815
2009-02,0.6504,1.2797,0.516,1.4422,2.323,1.2452,6.8363,5.8226,49.2484,92.9158,14.6066,6.871,9.9773,1.5178,1439.5842,8.5455,1.1639,34.2389,1.655005,22.1767,232.7305
2009-03,0.6666,1.305,0.5336,1.417,2.3161,1.2645,6.836,5.7137,51.1291,97.855,14.6466,6.7855,9.9536,1.5296,1449.6159,8.5727,1.1555,34.3041,1.704118,20.828591,232.683636
2009-04,0.7158,1.3199,0.5729,1.4712,2.2027,1.2242,6.8306,5.6437,49.9655,98.92,13.4035,6.6557,8.9644,1.5028,1332.125,8.2297,1.1481,33.6009,1.600341,20.200636,222.074545
2009-05,0.7648,1.3646,0.6014,1.5418,2.0689,1.1528,6.8235,5.4585,48.51,96.6445,13.1895,6.4504,8.3741,1.4611,1254.345,7.7602,1.1076,32.8695,1.551124,19.542143,206.02
2009-06,0.8025,1.4014,0.6386,1.6369,1.9586,1.1264,6.8334,5.3123,47.6736,96.6145,13.3414,6.3915,8.0332,1.4522,1259.2932,7.767,1.0809,32.77,1.53935,18.895545,199.765045
2009-07,0.8049,1.4092,0.6444,1.6378,1.9328,1.1229,6.8317,5.2837,48.3624,94.367,13.3623,6.3566,7.9446,1.4493,1259.6739,7.6843,1.078,32.8745,1.511274,18.297652,192.962174
2009-08,0.8353,1.4266,0.6766,1.6532,1.8453,1.0872,6.8323,5.2174,48.2426,94.8971,13.0063,6.0705,7.9406,1.442,1238.9952,7.1562,1.0683,32.8564,1.480486,17.951048,188.850952
2009-09,0.8622,1.4575,0.7046,1.6323,1.8187,1.0816,6.8277,5.1065,48.2924,91.2748,13.406,5.9006,7.5025,1.422,1211.8643,6.9941,1.0391,32.5333,1.482836,17.381682,186.285909
2009-10,0.9067,1.4821,0.7386,1.6212,1.7378,1.0547,6.8267,5.022,46.6524,90.3671,13.2275,5.6428,7.4871,1.3974,1173.7405,6.955,1.0213,32.291,1.463309,17.452273,181.052273
2009-11,0.9197,1.4908,0.7301,1.6599,1.7268,1.0593,6.8271,4.9914,46.5305,89.2674,13.1115,5.643,7.5096,1.3888,1162.8368,6.9267,1.0131,32.3189,1.480252,17.301429,181.478095
2009-12,0.9021,1.4579,0.7169,1.6226,1.7508,1.0537,6.8275,5.106,46.5273,89.9509,12.8622,5.7708,7.4848,1.3962,1163.3109,7.1384,1.0301,32.2459,1.4997,17.898522,187.361304
2010-01,0.9127,1.4266,0.7263,1.6158,1.7817,1.0438,6.8269,5.2177,45.8944,91.1011,12.8096,5.7402,7.4631,1.3965,1138.1947,7.1534,1.0345,31.8658,1.467119,18.27681,188.419048
2010-02,0.8857,1.368,0.6973,1.5618,1.842,1.0572,6.8285,5.4414,46.2732,90.1395,12.9396,5.9182,7.668,1.4122,1155.6553,7.2683,1.0722,32.0621,1.50821,18.9615,198.0245
2010-03,0.9123,1.357,0.7036,1.5058,1.7855,1.0229,6.8262,5.4837,45.4509,90.7161,12.5673,5.9204,7.4057,1.3994,1136.0822,7.163,1.0666,31.8291,1.527426,18.797261,195.33913
2010-04,0.9262,1.3417,0.7122,1.5332,1.7568,1.0052,6.8256,5.5472,44.444,93.4527,12.2396,5.9169,7.3444,1.3817,1115.4591,7.2026,1.069,31.4767,1.485386,18.896227,198.11
2010-05,0.8713,1.2563,0.6984,1.4669,1.8142,1.0403,6.8275,5.9253,45.769,91.973,12.7262,6.2872,7.6515,1.394,1164.841,7.7042,1.1295,31.8345,1.541019,20.394286,219.904762
2010-06,0.8539,1.2223,0.6926,1.4768,1.8042,1.0376,6.8184,6.0873,46.4983,90.8059,12.7102,6.4728,7.6356,1.3976,1214.1114,7.8261,1.1255,32.1988,1.5697,21.088227,230.24
2010-07,0.8786,1.2811,0.7145,1.5304,1.7689,1.0422,6.7762,5.8179,46.7617,87.5005,12.8038,6.2633,7.5212,1.3756,1203.8095,7.4066,1.053,32.0935,1.533168,19.7695,221.448182
2010-08,0.9004,1.2903,0.715,1.5661,1.7589,1.0404,6.7873,5.7745,46.4605,85.3727,12.766,6.1481,7.2877,1.3551,1179.5159,7.3015,1.0388,31.8695,1.50325,19.204818,217.734091
2010-09,0.9398,1.3103,0.7288,1.5591,1.718,1.033,6.7396,5.6867,45.8729,84.3571,12.7977,6.0431,7.11,1.3333,1159.931,7.0397,1.0002,31.641,1.4867,18.814364,214.975909
2010-10,0.9818,1.3901,0.752,1.5867,1.6837,1.0179,6.6678,5.3638,44.354,81.7285,12.4393,5.8322,6.9087,1.3026,1121.94,6.677,0.9686,30.813,1.418381,17.655429,197.174286
2010-11,0.9889,1.3654,0.7723,1.5961,1.7131,1.0129,6.6538,5.4617,44.9315,82.518,12.3376,5.9645,6.9749,1.2987,1129.623,6.8201,0.9847,30.318,1.432386,18.062136,202.067273
2010-12,0.9929,1.3221,0.7511,1.5595,1.6955,1.0081,6.6497,5.6366,45.1,83.3376,12.3902,5.9833,6.8237,1.3063,1145.4833,6.8524,0.9689,29.9014,1.514822,19.033522,209.733043
2011-01,0.9962,1.3371,0.7656,1.5782,1.6745,0.9939,6.5964,5.5749,45.375,82.625,12.128,5.8561,6.9239,1.2863,1118.8675,6.6673,0.9565,29.1105,1.556748,18.266571,205.947143
2011-02,1.0084,1.3656,0.762,1.6124,1.6664,0.9876,6.5761,5.4596,45.3795,82.5368,12.0649,5.7319,7.1844,1.2757,1117.4368,6.4342,0.95,29.2779,1.582515,17.7603,198.1535
2011-03,1.0113,1.402,0.7423,1.6159,1.6574,0.9766,6.5645,5.3191,44.9143,81.647,11.9963,5.5913,6.8976,1.2678,1119.2674,6.3493,0.9185,29.493,1.572213,17.393304,193.109565
2011-04,1.0588,1.446,0.7894,1.6379,1.5833,0.958,6.5267,5.1577,44.301,83.1771,11.7059,5.4015,6.7209,1.2463,1083.1762,6.199,0.8972,28.9824,1.514562,16.772095,183.235714
2011-05,1.0675,1.4335,0.7959,1.6332,1.6136,0.968,6.4957,5.203,44.9024,81.1257,11.6542,5.4766,6.8556,1.2387,1084.3619,6.2526,0.874,28.7262,1.56785,17.022182,186.451818
2011-06,1.0617,1.4403,0.8157,1.6219,1.5854,0.9766,6.4746,5.1782,44.8109,80.4259,11.8055,5.4366,6.7859,1.2336,1080.4523,6.3273,0.8401,28.8118,1.595368,16.834773,184.889091
2011-07,1.0781,1.4275,0.848,1.6158,1.5625,0.9553,6.4575,5.223,44.396,79.2425,11.6741,5.4502,6.7871,1.2158,1057.425,6.3957,0.8214,28.835,1.649457,17.018095,187.269048
2011-08,1.0502,1.4333,0.8379,1.6356,1.5966,0.9817,6.4036,5.1973,45.3135,76.9657,12.2366,5.4353,7.0871,1.2089,1073.887,6.397,0.78,28.9674,1.747474,16.917739,189.687826
2011-09,1.022,1.3747,0.8119,1.5771,1.7492,1.0025,6.3885,5.417,47.6905,76.7957,13.0637,5.6257,7.5769,1.2537,1121.9095,6.646,0.8767,29.7395,1.785924,17.841182,206.890909
2011-10,1.0168,1.3732,0.7912,1.5768,1.7703,1.0198,6.371,5.4225,49.202,76.643,13.4379,5.6405,7.954,1.2757,1150.685,6.6396,0.8958,30.259,1.822062,18.090429,216.174762
2011-11,1.0112,1.3558,0.7714,1.5806,1.7864,1.0248,6.3564,5.4886,50.6785,77.5595,13.6955,5.7405,8.1493,1.2886,1133.4775,6.7377,0.9079,30.2215,1.804686,18.765182,227.503182
2011-12,1.0122,1.3155,0.7699,1.5587,1.8391,1.0235,6.3482,5.6521,52.3824,77.7967,13.7746,5.8912,8.1933,1.2954,1148.1262,6.8553,0.9334,30.2505,1.861032,19.384864,231.569091
2012-01,1.0415,1.291,0.8015,1.5524,1.785,1.013,6.3172,5.7599,51.0015,76.964,13.3829,5.9424,8.0025,1.2777,1140.3275,6.8463,0.9376,29.99,1.833259,19.771045,237.802727
2012-02,1.0732,1.3238,0.8349,1.5804,1.7168,0.9967,6.2997,5.6156,49.1812,78.47,12.7833,5.7097,7.6388,1.2535,1122.69,6.6619,0.9118,29.534,1.749829,18.881571,219.270476
2012-03,1.0526,1.3208,0.8201,1.5824,1.7953,0.9938,6.3125,5.6294,50.3635,82.4659,12.7523,5.7074,7.6071,1.259,1126.17,6.7319,0.9131,29.5158,1.780905,18.658227,221.134091
2012-04,1.035,1.316,0.818,1.6,1.8522,0.9928,6.3043,5.6529,51.69,81.2524,13.0559,5.7521,7.8329,1.251,1135.0238,6.7359,0.9133,29.4433,1.778695,18.815476,223.772857
2012-05,0.998,1.2806,0.7748,1.5924,1.981,1.0097,6.3242,5.8061,54.3314,79.6668,13.6199,5.9151,8.1506,1.262,1156.6914,7.028,0.9383,29.4668,1.798957,19.776043,229.463043
2012-06,0.9986,1.2541,0.7806,1.5556,2.0482,1.028,6.3633,5.9266,55.9424,79.3152,13.9193,6.0146,8.3818,1.2784,1163.3886,7.0746,0.9576,29.9052,1.814457,20.416429,233.639048
2012-07,1.03,1.2278,0.7986,1.5593,2.0296,1.0142,6.3717,6.059,55.4248,78.9348,13.3638,6.069,8.2535,1.2603,1142.2781,6.9504,0.9783,29.9729,1.803973,20.696409,232.917273
2012-08,1.0475,1.2406,0.8104,1.5722,2.0279,0.9924,6.3593,6.0015,55.4935,78.6909,13.1793,5.9012,8.2596,1.248,1131.7457,6.6758,0.9681,29.9426,1.786791,20.128261,224.603043
2012-09,1.0406,1.2885,0.8199,1.6126,2.0269,0.9783,6.32,5.7855,54.35,78.1353,12.9235,5.7467,8.2574,1.2303,1122.9911,6.596,0.9386,29.4763,1.79431,19.2135,220.3345
2012-10,1.0298,1.2974,0.8197,1.608,2.0297,0.9872,6.2627,5.7486,53.0995,79.0132,12.8976,5.7078,8.6424,1.2237,1105.3823,6.64,0.9323,29.2418,1.793878,19.203304,217.100435
2012-11,1.0405,1.2837,0.8195,1.5968,2.0662,0.997,6.2338,5.81,54.7845,81.0305,13.0639,5.718,8.7994,1.2232,1086.9525,6.7059,0.9388,29.1145,1.785091,19.743,219.858636
2012-12,1.0465,1.3119,0.8312,1.6145,2.0775,0.9898,6.2328,5.6864,54.647,83.7905,12.8651,5.6103,8.6116,1.2204,1075.2225,6.5936,0.9213,29.0445,1.7791,19.156381,217.977619
2013-01,1.05,1.3304,0.837,1.5965,2.0281,0.9921,6.2215,5.6087,54.229,89.0581,12.6964,5.55,8.7978,1.2282,1066.5205,6.4801,0.9234,29.1,1.76317,19.192565,220.478261
2013-02,1.031,1.3347,0.8385,1.5474,1.9729,1.0098,6.2323,5.5894,53.8079,93.0016,12.7249,5.5648,8.8766,1.2382,1087.3084,6.3756,0.9212,29.6321,1.77196,19.0613,219.1505
2013-03,1.0345,1.2953,0.8284,1.508,1.9842,1.0244,6.2154,5.7552,54.4229,94.77,12.5,5.7806,9.1927,1.2466,1102.871,6.4455,0.9466,29.7448,1.807824,19.784095,233.844286
2013-04,1.038,1.3025,0.8479,1.5311,2.0011,1.0187,6.1861,5.7235,54.3236,97.7582,12.2061,5.7935,9.1007,1.238,1120.8977,6.4867,0.9366,29.8268,1.796141,19.809364,229.197727
2013-05,0.9919,1.2983,0.8249,1.5297,2.0365,1.0196,6.1416,5.741,54.9845,100.9186,12.2993,5.8202,9.3494,1.2486,1111.4945,6.5992,0.9557,29.7755,1.826773,19.929143,225.307143
2013-06,0.944,1.3197,0.7904,1.5493,2.1734,1.0314,6.1342,5.6513,58.3835,97.235,12.9636,5.8759,10.0001,1.2595,1135.0085,6.5848,0.9331,29.9285,1.89823,19.5322,224.2345
2013-07,0.9155,1.3088,0.7885,1.5179,2.2518,1.0402,6.1343,5.6983,59.7609,99.6727,12.7615,6.0246,9.9133,1.2681,1125.03,6.6161,0.9449,29.9373,1.931852,19.838043,225.453043
2013-08,0.9037,1.3314,0.7916,1.5505,2.3408,1.0407,6.1213,5.6014,62.8109,97.8123,12.912,5.9677,10.0708,1.2724,1115.9418,6.5365,0.9261,29.9414,1.962145,19.398318,224.850909
2013-09,0.9303,1.3364,0.8163,1.5885,2.2641,1.0342,6.1198,5.5814,63.648,99.21,13.0553,5.9662,9.9616,1.2622,1082.3115,6.4896,0.9231,29.6225,2.0192,19.320762,224.5
2013-10,0.9519,1.3646,0.8345,1.6098,2.1882,1.0363,6.1032,5.4662,61.6059,97.77,12.9916,5.9491,9.8979,1.2431,1065.8573,6.408,0.9025,29.3768,1.987378,18.821,216.297826
2013-11,0.9324,1.3491,0.8259,1.61,2.2959,1.0486,6.0929,5.5281,62.5179,100.0737,13.0597,6.0856,10.2009,1.2476,1061.5637,6.5863,0.9129,29.5179,2.024876,19.954714,220.422381
2013-12,0.898,1.3708,0.8224,1.6383,2.3471,1.0639,6.0738,5.4418,61.811,103.46,13.0099,6.1342,10.3683,1.2589,1055.6348,6.5328,0.8933,29.7233,2.0648,20.084227,219.244091
2014-01,0.8858,1.3618,0.8275,1.647,2.3858,1.094,6.0509,5.4787,62.1057,103.7614,13.222,6.1622,10.8872,1.2726,1067.1267,6.4862,0.9038,30.1357,2.221117,20.182913,221.686522
2014-02,0.8974,1.3665,0.8297,1.6558,2.3792,1.1054,6.0816,5.4606,62.1642,102.1253,13.2928,6.1147,10.9506,1.2659,1071.3063,6.493,0.8937,30.3063,2.211885,20.0936,227.0425
2014-03,0.9089,1.3828,0.8539,1.6624,2.3251,1.1107,6.1729,5.3975,60.9476,102.3395,13.1929,5.9955,10.7445,1.2672,1070.491,6.4114,0.8805,30.3995,2.217057,19.818095,225.46
2014-04,0.9315,1.381,0.8606,1.6748,2.2325,1.0992,6.2246,5.4056,60.3464,102.4582,13.0669,5.979,10.5364,1.2548,1042.635,6.5488,0.8828,30.1927,2.127977,19.873591,222.485
2014-05,0.9305,1.3739,0.8605,1.6842,2.2195,1.0894,6.238,5.4331,59.2843,101.7738,12.933,5.9389,10.4092,1.2514,1024.7867,6.5719,0.8883,30.1167,2.093032,19.977545,221.735909
2014-06,0.9365,1.3595,0.8621,1.6908,2.236,1.083,6.2306,5.4861,59.7367,102.0629,12.9932,6.0437,10.6766,1.2512,1018.7443,6.6859,0.8958,29.99,2.119095,20.195619,225.061429
2014-07,0.9389,1.3533,0.8687,1.7066,2.2242,1.0739,6.1984,5.5097,60.0956,101.74,12.9914,6.1992,10.6577,1.2427,1021.0341,6.8189,0.8978,29.9491,2.117543,20.280478,228.706957
2014-08,0.9309,1.3315,0.8437,1.67,2.2685,1.0926,6.1541,5.5987,60.8738,102.9438,13.1436,6.1935,10.6632,1.2484,1024.55,6.8983,0.9098,29.9729,2.161367,20.888905,235.595238
2014-09,0.9042,1.2889,0.8134,1.629,2.3379,1.1011,6.1382,5.7757,60.8976,107.4257,13.237,6.3525,10.9908,1.2638,1035.8914,7.1302,0.937,30.131,2.210941,21.393227,242.619091
2014-10,0.8781,1.2677,0.7876,1.6074,2.4495,1.1212,6.1251,5.8723,61.3668,108.0264,13.4795,6.56,11.0594,1.2745,1060.3359,7.2456,0.9528,30.3964,2.25737,21.772739,242.603478
2014-11,0.8644,1.2473,0.7834,1.5771,2.5527,1.1325,6.1249,5.966,61.6828,116.2994,13.6148,6.809,11.0901,1.2964,1097.8728,7.4155,0.9642,30.7278,2.235945,22.185,246.1875
2014-12,0.8257,1.2329,0.7766,1.5644,2.6419,1.1532,6.1886,6.0351,62.7071,119.3233,14.5205,7.2772,11.4975,1.315,1102.6224,7.6289,0.9753,31.3519,2.294787,22.431565,252.246087
2015-01,0.8064,1.1615,0.7628,1.5142,2.6346,1.2122,6.2181,6.4083,62.13,118.25,14.6972,7.6865,11.5527,1.3378,1088.13,8.1131,0.9443,31.6385,2.334482,23.959591,271.42
2015-02,0.7797,1.135,0.7454,1.5329,2.817,1.2499,6.2518,6.5636,61.9905,118.76,14.917,7.5861,11.5773,1.3549,1101.4605,8.3537,0.9361,31.5537,2.46193,24.3235,270.3035
2015-03,0.7724,1.0819,0.746,1.4958,3.1414,1.2618,6.2386,6.8954,62.4805,120.3945,15.2375,7.9952,12.0884,1.377,1112.9005,8.5448,0.9798,31.4382,2.590945,25.268909,280.155909
2015-04,0.774,1.0822,0.7596,1.4968,3.0421,1.2337,6.201,6.9011,62.6414,119.5095,15.1943,7.8774,11.9755,1.3482,1084.6709,8.6321,0.9595,30.9709,2.65425,25.435864,277.839091
2015-05,0.7891,1.1167,0.7383,1.5456,3.0562,1.2176,6.2035,6.6823,63.715,120.798,15.2796,7.5503,11.972,1.3344,1092.6365,8.335,0.9316,30.6185,2.645848,24.561857,274.181429
2015-06,0.7715,1.1226,0.6985,1.5576,3.1117,1.2365,6.2052,6.646,63.7809,123.7186,15.4792,7.8111,12.2913,1.3455,1112.8832,8.2653,0.9321,30.8982,2.704759,24.355773,278.368182
2015-07,0.7407,1.0997,0.665,1.556,3.2288,1.2863,6.2085,6.785,63.6045,123.3109,15.9515,8.1255,12.4602,1.3616,1146.5468,8.5325,0.9547,31.1909,2.698835,24.631043,283.051739
2015-08,0.7295,1.1136,0.6549,1.5578,3.5154,1.3147,6.3383,6.7035,65.0971,123.0038,16.534,8.2524,12.9012,1.3981,1178.1438,8.5515,0.9685,32.1914,2.854481,24.277381,279.782381
2015-09,0.7059,1.1229,0.6339,1.5338,3.9032,1.3266,6.3676,6.6447,66.1667,120.1476,16.8387,8.2845,13.6388,1.4148,1184.33,8.3659,0.9725,32.6695,3.010659,24.140091,278.652273
2015-10,0.72,1.1228,0.6693,1.5343,3.8752,1.3072,6.3505,6.6453,65.0262,120.0481,16.5697,8.27,13.4928,1.4005,1143.199,8.3314,0.9687,32.4367,2.925577,24.130818,276.843636
2015-11,0.7146,1.0727,0.6554,1.5194,3.7858,1.3279,6.364,6.9555,66.1,122.6432,16.6306,8.6394,14.1449,1.4143,1153.4721,8.6829,1.0098,32.6084,2.873671,25.182857,290.855714
2015-12,0.7247,1.0889,0.6748,1.4981,3.8808,1.3713,6.4491,6.853,66.5023,121.635,17.0696,8.6971,15.0024,1.4081,1169.9464,8.4938,0.9951,32.7905,2.920152,24.848087,288.873913
2016-01,0.7011,1.0855,0.6534,1.4392,4.0556,1.4208,6.5726,6.8743,67.3332,118.2258,18.0648,8.8194,16.325,1.4325,1203.3179,8.5483,1.0082,33.4332,3.007438,24.88519,289.602381
2016-02,0.7134,1.1092,0.6633,1.429,3.9644,1.3797,6.5501,6.7287,68.2395,114.6155,18.4332,8.6127,15.7622,1.4052,1216.2285,8.4804,0.992,33.2385,2.943286,24.377905,279.495238
2016-03,0.7504,1.1134,0.6745,1.4249,3.698,1.3226,6.5027,6.6986,66.8909,112.9317,17.6303,8.4754,15.3792,1.3724,1181.573,8.3394,0.9811,32.5874,2.888391,24.36487,280.238261
2016-04,0.7664,1.1346,0.6892,1.4319,3.5634,1.2818,6.4754,6.5591,66.4219,109.5519,17.4795,8.2082,14.5868,1.3496,1145.7967,8.111,0.9634,32.32,2.836143,23.836,274.740476
2016-05,0.7318,1.1312,0.6807,1.4524,3.5403,1.2945,6.5259,6.5762,66.8895,108.8481,18.136,8.2269,15.3257,1.3695,1173.7905,8.2154,0.9777,32.539,2.938345,23.894636,278.043182
2016-06,0.7401,1.1232,0.7041,1.4197,3.4234,1.2894,6.5892,6.621,67.2655,105.3509,18.6538,8.3064,15.05,1.3533,1165.2023,8.3043,0.9695,32.3,2.916559,24.100045,279.358636
2016-07,0.7529,1.1055,0.7132,1.3134,3.2781,1.3052,6.6771,6.7293,67.158,104.191,18.6155,8.4795,14.393,1.3513,1140.865,8.5722,0.983,32.101,2.955867,24.423952,284.242857
2016-08,0.7629,1.1207,0.7235,1.3101,3.2086,1.2998,6.6466,6.6396,66.9035,101.2383,18.4742,8.3009,13.7828,1.3476,1110.0183,8.4693,0.9711,31.5374,2.962604,24.104217,276.91
2016-09,0.7591,1.1218,0.7312,1.314,3.2532,1.3108,6.6702,6.639,66.7138,101.7843,19.2436,8.1957,14.0264,1.3591,1108.3638,8.5311,0.9732,31.4562,2.963923,24.100864,275.409545
2016-10,0.7615,1.1014,0.7153,1.233,3.1854,1.3251,6.7303,6.7553,66.7415,103.9075,18.8912,8.1722,13.9273,1.3847,1128.166,8.821,0.9876,31.586,3.075562,24.506381,278.378571
2016-11,0.7532,1.0792,0.7153,1.2432,3.3369,1.3434,6.8402,6.8973,67.6395,108.443,20.0086,8.4147,13.9125,1.4105,1162.708,9.1266,0.9963,31.7495,3.284691,25.042182,286.013636
2016-12,0.7346,1.0545,0.7039,1.2483,3.354,1.3339,6.9198,7.0524,67.8052,115.9981,20.4992,8.5617,13.8377,1.4358,1183.07,9.207,1.0194,32.0005,3.496673,25.650955,295.819091
2017-01,0.7465,1.0635,0.7132,1.2367,3.1901,1.3183,6.8907,6.9919,68.0474,114.8721,21.3911,8.457,13.5446,1.4276,1179.1074,8.9451,1.0075,31.6458,3.750432,25.457182,290.975
2017-02,0.7664,1.065,0.7229,1.2495,3.1057,1.3109,6.8694,6.981,66.9726,112.9116,20.3008,8.3215,13.1905,1.4137,1140.4874,8.9007,1.001,30.8547,3.66667,25.38955,289.9335
2017-03,0.7622,1.0691,0.7006,1.2347,3.1275,1.3387,6.894,6.9553,65.8009,112.9165,19.28,8.5063,12.9203,1.4049,1133.8617,8.9147,1.0015,30.6487,3.670448,25.291957,289.997391
2017-04,0.7534,1.0714,0.6969,1.2639,3.139,1.3437,6.8876,6.9422,64.536,110.091,18.7672,8.5855,13.4508,1.3983,1134.1755,8.9616,1.0009,30.3585,3.652805,25.0305,290.7355
2017-05,0.7437,1.105,0.6946,1.2929,3.2043,1.3606,6.8843,6.7338,64.4195,112.2436,18.7666,8.5059,13.264,1.3951,1125.1359,8.7826,0.9867,30.1282,3.567852,24.061478,280.728261
2017-06,0.7562,1.1233,0.7233,1.281,3.2954,1.3295,6.8066,6.6203,64.4482,110.9141,18.1293,8.4594,12.8924,1.3834,1130.8464,8.6779,0.9681,30.2595,3.519655,23.388955,274.530909
2017-07,0.7807,1.153,0.7358,1.2996,3.1994,1.269,6.7694,6.4501,64.424,112.417,17.8081,8.1473,13.1504,1.3707,1131.746,8.3129,0.9604,30.392,3.563338,22.659476,266.637619
2017-08,0.7915,1.1813,0.7303,1.2952,3.1478,1.2608,6.667,6.2966,63.9683,109.827,17.7969,7.8885,13.2149,1.3608,1130.27,8.0835,0.9653,30.233,3.508952,22.108174,257.57087
2017-09,0.7974,1.1913,0.7259,1.334,3.1325,1.2279,6.569,6.2455,64.4775,110.776,17.8305,7.8382,13.1698,1.3494,1131.599,8.0096,0.9625,30.1305,3.473876,21.885333,258.747143
2017-10,0.7788,1.1755,0.7041,1.3202,3.1923,1.2607,6.6254,6.3318,65.0357,112.9148,18.8215,7.997,13.6975,1.3595,1130.8838,8.1776,0.9821,30.2519,3.6757,21.918773,263.579545
2017-11,0.762,1.1743,0.6886,1.3217,3.2629,1.2773,6.62,6.3376,64.8435,112.819,18.9306,8.1946,14.0428,1.3556,1099.7945,8.3893,0.9915,30.0835,3.889955,21.760545,265.715455
2017-12,0.7648,1.1836,0.6966,1.3404,3.295,1.2769,6.5932,6.2885,64.2445,112.9405,19.1765,8.3178,13.0918,1.3462,1082.902,8.3925,0.987,29.9545,3.843162,21.673714,264.56619
2018-01,0.7956,1.2197,0.7263,1.3824,3.2115,1.2429,6.4233,6.1056,63.6452,110.871,18.9118,7.9039,12.1951,1.3214,1065.641,8.048,0.9604,29.4005,3.774904,20.886435,253.837391
2018-02,0.7867,1.234,0.7305,1.3961,3.2507,1.2588,6.3183,6.0329,64.43,107.97,18.6473,7.8394,11.8216,1.32,1078.4747,8.0542,0.9355,29.2458,3.7837,20.5056,252.194
2018-03,0.7759,1.2334,0.7258,1.3976,3.279,1.2933,6.3174,6.0403,65.0455,106.0468,18.5901,7.7702,11.8422,1.3146,1069.9418,8.2406,0.948,29.1991,3.891132,20.616318,253.218636
2018-04,0.7684,1.227,0.7244,1.4079,3.4089,1.2732,6.2967,6.0705,65.6729,107.6562,18.3876,7.8471,12.1067,1.316,1068.0452,8.4596,0.9687,29.3767,4.06101,20.663095,253.851905
2018-05,0.7525,1.1823,0.6953,1.347,3.6316,1.2866,6.3701,6.3001,67.51,109.6882,19.5525,8.0963,12.5394,1.3392,1076.6595,8.7555,0.9969,29.8673,4.420991,21.680957,267.432609
2018-06,0.7498,1.1679,0.6942,1.3294,3.771,1.3125,6.4651,6.3785,67.79,110.0638,20.2878,8.1104,13.3138,1.348,1094.3552,8.801,0.99,30.0848,4.637124,22.074095,276.357143
2018-07,0.7403,1.1685,0.6789,1.3162,3.8221,1.3133,6.7164,6.3768,68.6867,111.521,18.9856,8.1307,13.367,1.363,1122.2029,8.8239,0.9948,30.5429,4.767686,22.142364,278.003636
2018-08,0.7325,1.1547,0.6669,1.2878,3.9333,1.3042,6.8453,6.4574,69.6317,110.9965,18.8633,8.3398,14.0916,1.3687,1120.427,9.069,0.988,30.7039,5.882543,22.241043,279.78
2018-09,0.7206,1.1667,0.6598,1.3066,4.1087,1.3034,6.8551,6.3938,72.2779,112.0974,18.9991,8.2464,14.7504,1.371,1119.82,8.9395,0.9683,30.7253,6.344575,21.95835,278.532
2018-10,0.7111,1.1488,0.6537,1.3012,3.7611,1.3004,6.9191,6.4939,73.5609,112.7218,19.1958,8.2545,14.4869,1.379,1131.615,9.0391,0.994,30.8823,5.832735,22.484739,282.111304
2018-11,0.7247,1.1364,0.6777,1.29,3.786,1.3205,6.9367,6.5684,71.738,113.338,20.2448,8.4797,14.0901,1.3748,1125.345,9.0676,1.0011,30.806,5.362791,22.815773,284.025909
2018-12,0.7169,1.138,0.6819,1.2664,3.8834,1.3436,6.8837,6.5579,70.8331,112.1994,20.0972,8.6263,14.2574,1.3704,1122.4244,9.0303,0.9919,30.7822,5.316786,22.688905,283.309524
2019-01,0.7151,1.1418,0.6782,1.2901,3.7356,1.33,6.7863,6.5386,70.71,108.9605,19.1704,8.5476,13.8199,1.356,1120.33,8.995,0.9897,30.808,5.367313,22.470217,280.23
2019-02,0.7136,1.1349,0.683,1.3016,3.7244,1.3209,6.7367,6.5754,71.1739,110.44,19.1953,8.5855,13.8139,1.3539,1121.8333,9.2481,1.0014,30.7989,5.27211,22.6644,280.262
2019-03,0.7082,1.1296,0.6835,1.3167,3.8407,1.3371,6.7119,6.606,69.4895,111.1443,19.2442,8.6072,14.3858,1.3543,1131.6005,9.2931,1.0005,30.8567,5.461629,22.715762,279.368571
2019-04,0.7111,1.1234,0.6715,1.3029,3.8974,1.3378,6.7161,6.6454,69.4068,111.6414,18.9641,8.5623,14.1455,1.3561,1142.165,9.328,1.0084,30.8468,5.759905,22.846227,285.560909
2019-05,0.6945,1.1187,0.6562,1.2855,3.9915,1.346,6.8519,6.6728,69.7827,109.9714,19.111,8.7387,14.4222,1.3706,1182.9527,9.5921,1.0107,31.2218,6.046683,23.033739,290.618261
2019-06,0.6946,1.1295,0.6602,1.2675,3.8557,1.3289,6.8977,6.6123,69.388,108.0685,19.2728,8.6329,14.585,1.3621,1173.7845,9.4085,0.988,31.2895,5.819235,22.66805,285.855
2019-07,0.6978,1.1211,0.6679,1.2461,3.7785,1.3105,6.8775,6.6588,68.7391,108.2864,19.0452,8.6196,14.0356,1.3616,1177.2345,9.4191,0.988,31.0768,5.667987,22.77087,289.914348
2019-08,0.6775,1.1129,0.6434,1.216,4.022,1.3273,7.0629,6.7034,71.1891,106.1886,19.6828,8.9659,15.1564,1.3845,1210.3782,9.6467,0.9787,31.3886,5.632045,23.190682,293.723636
2019-09,0.6815,1.1011,0.6345,1.2369,4.1195,1.3241,7.1137,6.7785,71.311,107.54,19.547,9.0053,14.8263,1.379,1194.1145,9.7086,0.9906,31.0745,5.709805,23.50681,301.920952
2019-10,0.6798,1.1058,0.6337,1.2657,4.0825,1.3189,7.0961,6.7554,71.0086,108.1368,19.3193,9.1528,14.9056,1.3704,1183.4473,9.7675,0.993,30.7014,5.7914,23.246739,300.158696
2019-11,0.6827,1.1051,0.6397,1.2884,4.1558,1.3237,7.0199,6.7617,71.4942,108.8579,19.3261,9.15,14.7882,1.3615,1167.2989,9.6381,0.9929,30.4674,5.737895,23.101952,301.836667
2019-12,0.6887,1.1114,0.6599,1.3109,4.1045,1.3169,7.0137,6.7229,71.1567,109.101,19.1024,9.024,14.4024,1.3565,1174.7052,9.4324,0.9826,30.259,5.851932,22.958091,297.782273
2020-01,0.6851,1.1098,0.6601,1.3076,4.1512,1.3089,6.9184,6.7339,71.279,109.2667,18.8066,8.9615,14.4136,1.3517,1167.4624,9.5099,0.9698,30.02,5.925839,22.71287,300.906087
2020-02,0.6664,1.0911,0.639,1.2953,4.347,1.3286,6.9967,6.8469,71.5295,110.0295,18.8423,9.2957,15.0244,1.3897,1195.3358,9.6881,0.9762,30.1574,6.06259,22.9726,309.2715
2020-03,0.6218,1.1046,0.6056,1.2369,4.8862,1.396,7.0205,6.7646,74.5482,107.6673,22.3785,10.2403,16.6761,1.4171,1218.1945,9.8437,0.9593,30.1305,6.335755,24.042864,312.114545
2020-04,0.6312,1.0871,0.6015,1.242,5.3171,1.4048,7.0708,6.8638,76.1682,107.7386,24.1798,10.4199,18.5651,1.4228,1223.1309,10.0164,0.9701,30.0732,6.850314,25.069682,327.990455
2020-05,0.6517,1.0907,0.6087,1.2302,5.6394,1.3972,7.1016,6.8377,75.6575,107.2,23.524,10.0926,18.1839,1.4178,1228.134,9.7286,0.9692,29.9205,6.931943,25.012381,322.36381
2020-06,0.6899,1.1259,0.6448,1.2523,5.1884,1.3552,7.0816,6.6216,75.7077,107.5782,22.3069,9.533,17.1342,1.3935,1206.9459,9.3105,0.9513,29.6523,6.816277,23.706455,308.675
2020-07,0.704,1.1488,0.6593,1.2701,5.2735,1.3497,7.0041,6.4831,74.9286,106.6818,22.3952,9.2777,16.7391,1.3865,1198.6186,9.0097,0.9327,29.4068,6.865161,23.145,306.563913
2020-08,0.7203,1.1831,0.66,1.3143,5.4685,1.3229,6.927,6.2938,74.5657,106.0129,22.2017,8.9422,17.2392,1.3689,1186.8562,8.7103,0.9099,29.3771,7.262229,22.122381,294.615714
2020-09,0.7224,1.1785,0.6665,1.2947,5.4,1.323,6.8106,6.3149,73.5233,105.589,21.6613,9.1621,16.7339,1.366,1176.8619,8.8554,0.9149,29.1971,7.533941,22.679909,305.629091
2020-10,0.7121,1.1768,0.6638,1.298,5.6253,1.3218,6.7254,6.3243,73.5648,105.2095,21.2804,9.2956,16.4331,1.3597,1143.7681,8.8346,0.9124,28.6952,7.917514,23.098409,308.284545
2020-11,0.727,1.1826,0.6856,1.3198,5.4482,1.3073,6.6029,6.2968,74.2311,104.4061,20.4566,9.0999,15.55,1.3477,1116.0978,8.6569,0.911,28.5372,7.985805,22.357048,304.241905
2020-12,0.7532,1.2168,0.7093,1.3434,5.1447,1.2809,6.5393,6.1154,73.6195,103.7952,19.9604,8.7071,14.8818,1.3324,1093.7876,8.3631,0.8884,28.2029,7.711922,21.629913,295.23913
2021-01,0.7726,1.2178,0.72,1.3641,5.3673,1.2725,6.4672,6.1082,73.1106,103.7883,19.9412,8.5096,15.1379,1.3256,1098.2367,8.2867,0.8865,28.0061,7.397205,21.474714,295.048571
2021-02,0.7753,1.2094,0.7245,1.3867,5.4132,1.2696,6.4601,6.1489,72.8053,105.3774,20.3296,8.5083,14.7791,1.3277,1111.8137,8.3437,0.8979,27.9411,7.08122,21.3881,296.046
2021-03,0.771,1.1902,0.7136,1.3863,5.6351,1.2569,6.5109,6.2483,72.8196,108.6991,20.75,8.5127,14.9651,1.3423,1130.2543,8.5431,0.9298,28.2683,7.67667,22.002043,307.23087
2021-04,0.7701,1.1965,0.7127,1.3845,5.5686,1.2494,6.5186,6.2155,74.5186,109.0445,20.0376,8.3906,14.4053,1.3343,1117.8555,8.4994,0.9218,28.2382,8.163264,21.694591,301.943182
2021-05,0.7763,1.2146,0.7225,1.4084,5.2852,1.2125,6.4321,6.122,73.2065,109.112,19.9644,8.3073,14.0443,1.3298,1123.6565,8.3511,0.9027,27.9165,8.356567,21.043619,291.395714
2021-06,0.7643,1.2048,0.7106,1.4025,5.0285,1.222,6.425,6.1726,73.5782,110.1073,20.0314,8.4231,13.9131,1.3335,1122.6073,8.3966,0.9078,27.78,8.612664,21.1315,290.269545
2021-07,0.7417,1.1821,0.6981,1.3808,5.1611,1.253,6.4763,6.2911,74.539,110.2143,19.9664,8.7934,14.5362,1.3554,1146.3948,8.6256,0.9174,27.9971,8.589805,21.691636,302.205
2021-08,0.7304,1.1767,0.6979,1.3797,5.2487,1.2599,6.4768,6.3199,74.1155,109.8527,20.075,8.8482,14.7623,1.3548,1160.9945,8.6787,0.9147,27.8591,8.473777,21.634455,298.978182
2021-09,0.7312,1.1765,0.7053,1.3732,5.279,1.2671,6.4563,6.3206,73.6357,110.161,20.0461,8.6583,14.5913,1.3479,1172.819,8.644,0.9228,27.721,8.545668,21.57,299.249091
2021-10,0.7412,1.16,0.7064,1.3701,5.5416,1.2434,6.4172,6.4134,74.92,113.1215,20.4399,8.4554,14.8423,1.3507,1181.89,8.6624,0.9227,27.9225,9.193181,21.973238,311.148095
2021-11,0.7307,1.1416,0.7019,1.3463,5.5668,1.2567,6.3889,6.5155,74.477,113.965,20.8698,8.7379,15.5313,1.3567,1184.06,8.8036,0.9213,27.809,10.690027,22.244909,319.336818
2021-12,0.7155,1.1301,0.6786,1.3303,5.6549,1.28,6.3693,6.581,75.3948,113.8329,20.926,8.9811,15.8916,1.3634,1183.8871,9.0896,0.921,27.7481,13.557665,22.33787,325.036522
2022-01,0.718,1.1317,0.6742,1.3555,5.53,1.2622,6.3556,6.5753,74.4075,114.8255,20.5074,8.8474,15.4708,1.3504,1196.0345,9.1533,0.9191,27.672,13.534886,21.628286,316.798571
2022-02,0.7169,1.1349,0.6678,1.354,5.1984,1.2711,6.3436,6.5596,74.9695,115.2763,20.4578,8.8564,15.217,1.3464,1199.1226,9.2857,0.9228,27.8716,13.654775,21.54965,314.84
2022-03,0.7374,1.1019,0.6868,1.3168,4.9764,1.266,6.3446,6.7525,76.1896,118.5774,20.5444,8.834,14.9598,1.3585,1220.8409,9.5652,0.9294,28.4313,14.613926,22.699043,342.356087
2022-04,0.7364,1.0803,0.6755,1.2933,4.7547,1.2628,6.431,6.8867,76.1719,126.3743,20.0908,8.9106,15.042,1.3662,1235.1533,9.5585,0.945,29.0933,14.703857,22.579571,346.430952
2022-05,0.7041,1.0567,0.6393,1.2438,4.9615,1.2859,6.699,7.041,77.2933,128.8486,20.0575,9.6137,15.9126,1.3829,1268.8081,9.9373,0.9804,29.5995,15.609905,23.399227,363.623182
2022-06,0.7025,1.0567,0.6352,1.232,5.0477,1.2804,6.6952,7.0406,78.09,133.9619,20.0101,9.7478,15.8144,1.3842,1277.4057,10.0349,0.9702,29.6029,16.992441,23.399909,375.234545
2022-07,0.6856,1.0168,0.6196,1.1987,5.3682,1.2936,6.7352,7.3209,79.5915,136.709,20.5464,10.0077,16.8685,1.3954,1308.0295,10.3874,0.9701,29.8745,17.453048,24.110667,396.825238
2022-08,0.6961,1.0129,0.6266,1.1983,5.1404,1.2917,6.8007,7.3456,79.5065,135.2835,20.113,9.7102,16.6872,1.384,1319.4122,10.3771,0.9574,30.09,18.030587,24.261,397.266522
2022-09,0.6671,0.9899,0.5918,1.132,5.2436,1.3339,7.0195,7.517,80.2538,143.2843,20.0689,10.2983,17.5983,1.4144,1396.3729,10.9101,0.9733,31.2786,18.313782,24.813318,407.818182
2022-10,0.637,0.9853,0.5703,1.1332,5.2521,1.3689,7.1902,7.5507,82.2915,147.0515,19.9772,10.5413,18.0981,1.4227,1426.065,11.1111,0.9949,31.959,18.58481,24.960524,425.545238
2022-11,0.6596,1.0192,0.6061,1.1727,5.268,1.3457,7.1812,7.3074,81.6805,142.445,19.4543,10.1639,17.4804,1.3872,1361.79,10.704,0.966,31.433,18.608936,23.888909,399.715455
2022-12,0.6748,1.0591,0.6353,1.218,5.2454,1.3585,6.9717,7.0229,82.4738,134.9148,19.6148,9.8801,17.28,1.3518,1293.5629,10.378,0.9316,30.6524,18.657341,22.916773,384.437273
2023-01,0.6955,1.0777,0.6402,1.2237,5.1922,1.3422,6.7904,6.9029,81.741,130.4475,18.9705,9.9495,17.1055,1.3248,1243.0705,10.3975,0.9241,30.3865,18.778555,22.2515,367.326818
2023-02,0.6893,1.0702,0.6288,1.2084,5.1808,1.3454,6.838,6.9568,82.5995,133.0463,18.6368,10.2419,17.9067,1.332,1275.4205,10.4492,0.9258,30.2289,18.84412,22.12945,359.1925
2023-03,0.6676,1.0711,0.6207,1.2138,5.2086,1.3683,6.8909,6.9522,82.2665,133.6643,18.3892,10.5323,18.2595,1.3405,1306.0161,10.4763,0.9255,30.5352,18.998948,22.123217,359.913913
2023-04,0.6688,1.0962,0.621,1.2446,5.0215,1.3484,6.8876,6.7977,81.9685,133.4745,18.0948,10.5041,18.1926,1.3318,1322.057,10.3484,0.8985,30.5595,19.33725,21.3776,343.0385
2023-05,0.6643,1.0867,0.6214,1.2484,4.9813,1.3517,6.9854,6.8549,82.2977,137.0532,17.7489,10.8075,19.0322,1.3395,1327.48,10.4643,0.8977,30.7291,19.747743,21.702652,342.766957
2023-06,0.6713,1.084,0.6135,1.2627,4.8537,1.3286,7.1614,6.8719,82.2252,141.3581,17.2407,10.7964,18.7448,1.3462,1297.2514,10.7691,0.9004,30.8405,23.696505,21.860182,342.148636
2023-07,0.6742,1.1067,0.6232,1.2893,4.8005,1.3211,7.1863,6.7332,82.1565,140.936,16.8929,10.2338,18.1404,1.3332,1282.2835,10.5002,0.8723,31.2005,26.4994,21.59881,342.850952
2023-08,0.6486,1.091,0.5996,1.2706,4.9012,1.3478,7.2486,6.8308,82.8122,144.7804,16.9767,10.4682,18.7742,1.3506,1321.7561,10.8291,0.8783,31.8239,26.943078,22.104304,353.348696
2023-09,0.6425,1.0672,0.5931,1.2381,4.9387,1.3531,7.2979,6.9877,83.07,147.845,17.3067,10.7247,18.9657,1.3637,1334.237,11.0848,0.8996,32.0435,26.999081,22.831667,361.742381
2023-10,0.6347,1.0565,0.5894,1.2175,5.0559,1.3712,7.3071,7.0621,83.2162,149.5933,18.0589,11.0224,19.0167,1.3688,1351.5071,11.0259,0.9035,32.3024,27.8602,23.275818,364.772727
2023-11,0.6508,1.0819,0.6005,1.2437,4.898,1.3707,7.2226,6.894,83.266,149.679,17.3594,10.9051,18.5236,1.3474,1308.154,10.6694,0.8902,31.875,28.637914,22.665136,350.840909
2023-12,0.6693,1.0909,0.6223,1.2657,4.8998,1.3416,7.1402,6.8348,83.254,143.9815,17.1927,10.5494,18.6328,1.3321,1304.3945,10.2576,0.8648,31.2515,29.078133,22.442667,349.871905
2024-01,0.6636,1.0899,0.6168,1.2701,4.9182,1.3423,7.1707,6.8418,83.1119,146.2943,17.0932,10.4136,18.8056,1.3362,1325.9119,10.3593,0.8591,31.2114,30.039583,22.651696,350.168696
2024-02,0.6522,1.0793,0.6123,1.263,4.9609,1.35,7.1935,6.9063,82.9485,149.615,17.0937,10.5562,19.0168,1.3447,1331.3345,10.4266,0.8771,31.433,30.773019,23.373952,359.685238
2024-03,0.6558,1.087,0.6081,1.2713,4.9798,1.3536,7.2015,6.8598,83.0214,149.8186,16.7693,10.6121,18.8478,1.3407,1331.6752,10.4113,0.8886,31.6924,32.011638,23.268429,363.656667
2024-04,0.6507,1.0724,0.5957,1.2517,5.13,1.3674,7.2374,6.9576,83.3968,153.89,16.8008,10.9058,18.8795,1.3568,1367.8555,10.8158,0.9099,32.335,32.275659,23.556636,366.033182
2024-05,0.6626,1.081,0.6066,1.2636,5.1368,1.3667,7.2327,6.9007,83.3873,155.8691,16.8033,10.7443,18.4138,1.3509,1364.7241,10.7501,0.9088,32.3286,32.216452,22.970435,358.738696
2024-06,0.6642,1.0763,0.6139,1.2716,5.3861,1.3705,7.2547,6.9336,83.46,157.86,18.1946,10.6154,18.4291,1.3517,1379.0526,10.487,0.8938,32.3768,32.52592,23.03215,366.6765
2024-07,0.6673,1.0847,0.603,1.287,5.5438,1.3714,7.2609,6.8786,83.5895,157.5182,18.1002,10.8071,18.2453,1.3456,1382.0473,10.6386,0.8917,32.645,32.87923,23.332565,362.190435
2024-08,0.6658,1.102,0.6088,1.2945,5.5517,1.3655,7.1475,6.7712,83.8855,146.2641,19.1382,10.69,18.035,1.3152,1351.4436,10.3902,0.8579,32.2359,33.645718,22.867455,359.065909
2024-09,0.677,1.1104,0.6224,1.3219,5.5378,1.3546,7.076,6.718,83.791,142.954,19.5963,10.6226,17.5948,1.2957,1330.6985,10.229,0.8472,31.956,34.009281,22.598381,355.553333
2024-10,0.67,1.0895,0.6076,1.3043,5.6278,1.3757,7.0881,6.8469,84.005,149.8909,19.7183,10.8366,17.5848,1.311,1362.3691,10.4809,0.8613,32.0905,34.205096,23.197087,368.223913
2024-11,0.6528,1.0621,0.5908,1.2738,5.7961,1.3973,7.2063,7.0235,84.3326,153.7126,20.3381,11.0537,17.9379,1.3369,1395.02,10.9091,0.8809,32.3553,34.414752,23.803095,385.488095
2024-12,0.6334,1.0472,0.5748,1.2647,6.101,1.4247,7.2807,7.1221,84.9686,153.8143,20.2616,11.2204,18.2182,1.3504,1439.9967,10.985,0.8916,32.5743,34.967164,24.011227,393.742273
2025-01,0.6231,1.0356,0.5633,1.2354,6.0109,1.4389,7.2957,7.2047,86.2652,156.4819,20.5367,11.3335,18.7131,1.3606,1452.1919,11.0845,0.9096,32.8771,35.50127,24.300043,397.55
2025-02,0.6301,1.0413,0.568,1.2542,5.7638,1.4299,7.2734,7.1633,87.0637,151.5716,20.4728,11.1934,18.4784,1.3463,1444.7932,10.7936,0.9034,32.8111,36.157475,24.082,387.294
2025-03,0.63,1.0813,0.5727,1.2913,5.7581,1.4356,7.2493,6.8993,86.5214,149.0576,20.2235,10.6782,18.2636,1.3356,1458.3452,10.1328,0.8836,32.979,37.107862,23.137476,369.962381
2025-04,0.6291,1.1232,0.5837,1.3144,5.7905,1.3981,7.2968,6.6483,85.5768,144.1286,20.0387,10.5547,18.9124,1.3231,1439.7777,9.7684,0.8337,32.6441,38.076777,22.310364,362.329091
2025-05,0.6435,1.1274,0.5936,1.3358,5.6664,1.3867,7.2166,6.6177,85.2462,144.8762,19.4573,10.2985,18.1222,1.2946,1391.4376,9.6631,0.8299,30.2214,38.733218,22.083318,357.905909
2025-06,0.6509,1.1534,0.6036,1.3577,5.5458,1.3668,7.1804,6.468,85.8765,144.4835,19.0203,10.0519,17.8198,1.2825,1364.6775,9.5482,0.8132,29.623,39.380138,21.539476,349.176667
2025-07,0.6536,1.1671,0.5992,1.3489,5.5332,1.3691,7.1741,6.3944,86.1714,147.2014,18.6886,10.1573,17.7702,1.2817,1379.2959,9.5975,0.7989,29.3395,40.175048,21.087739,341.577391
2025-08,0.6495,1.1647,0.5903,1.3456,5.4455,1.3797,7.1727,6.4079,87.5695,147.4786,18.7063,10.1874,17.6957,1.2847,1388.999,9.5774,0.8058,30.1538,40.785562,21.079476,340.911905
2025-09,0.6598,1.1739,0.5884,1.3506,5.363,1.3834,7.1235,6.359,88.3214,147.8629,18.4789,9.9431,17.4252,1.2847,1392.9052,9.3727,0.7961,30.3695,41.281945,20.752818,333.840909
2025-10,0.6547,1.1641,0.5765,1.3357,5.3832,1.3988,7.12,6.4155,88.3691,151.3545,18.4246,10.0213,17.2722,1.2952,1423.0795,9.4253,0.7975,30.6032,41.790691,20.903043,335.069565